{
"type": "FeatureCollection",
"name": "extremadura",
"crs": { "type": "name", "properties": { "name": "urn:ogc:def:crs:OGC:1.3:CRS84" } },
"features": [
{ "type": "Feature", "properties": { "shapeName": "Badajoz" }, "geometry": { "type": "Polygon", "coordinates": [ [ [ -4.95251223367358, 39.394992868220797 ], [ -4.97463752981399, 39.394331043770897 ], [ -4.97486593366149, 39.391723340313902 ], [ -4.96909165105008, 39.383343074400997 ], [ -4.97955001186096, 39.3791562334372 ], [ -4.984181187375, 39.371743427729797 ], [ -4.99294369062624, 39.370872861146303 ], [ -5.00888458100718, 39.378274987452897 ], [ -5.01339887132975, 39.376602221947003 ], [ -5.01960214260846, 39.368286858478598 ], [ -5.04118718654711, 39.366531695383898 ], [ -5.05383464019578, 39.362425944771097 ], [ -5.0589235486696, 39.365372240129197 ], [ -5.07380074122769, 39.379397370280103 ], [ -5.08986992360765, 39.390362950522302 ], [ -5.09300909624947, 39.390892123008797 ], [ -5.10167745426226, 39.388015009018602 ], [ -5.11358495213667, 39.3874658804597 ], [ -5.11103926586034, 39.374655412916297 ], [ -5.11185764455891, 39.357513241906702 ], [ -5.11699302467901, 39.343482017861298 ], [ -5.12354623557496, 39.336497263799998 ], [ -5.15342771523586, 39.319694934768897 ], [ -5.17154403777406, 39.315520300219099 ], [ -5.17561471934808, 39.317002948093197 ], [ -5.18568574187983, 39.315994413273899 ], [ -5.22928859943343, 39.306995973872603 ], [ -5.24762022478904, 39.301823472666001 ], [ -5.28308801458814, 39.319521695011801 ], [ -5.30319129644878, 39.319594143712003 ], [ -5.31030038035101, 39.325201380408501 ], [ -5.32319659546814, 39.3314224042878 ], [ -5.33095147732977, 39.331240373946798 ], [ -5.34001116034496, 39.333310913146597 ], [ -5.3527085127127, 39.286062184783198 ], [ -5.3553771585885, 39.267791218032897 ], [ -5.35522968755819, 39.260271357790998 ], [ -5.35283458407632, 39.254148331327201 ], [ -5.34713499009258, 39.247947694887003 ], [ -5.34905327680477, 39.233556996905001 ], [ -5.35336674784728, 39.224316305195899 ], [ -5.36725552679316, 39.212961758241804 ], [ -5.37608323246266, 39.186592094641597 ], [ -5.38402219799063, 39.174185733220597 ], [ -5.39299988009177, 39.169272068090599 ], [ -5.39775520726966, 39.168543655408797 ], [ -5.39946387300866, 39.165355180717803 ], [ -5.40928023842869, 39.160332559261803 ], [ -5.41267131394755, 39.156955948464002 ], [ -5.41808392494413, 39.156528437970302 ], [ -5.42405933046619, 39.158341300642903 ], [ -5.42404821561117, 39.160377653774397 ], [ -5.42860102928637, 39.162535194017998 ], [ -5.44240616429955, 39.159489755117797 ], [ -5.45437513119392, 39.160914005374799 ], [ -5.45984110750823, 39.158366203947999 ], [ -5.46514243520741, 39.160722724294601 ], [ -5.46960891629222, 39.168979798535901 ], [ -5.47631134274677, 39.176270254478602 ], [ -5.48054451428434, 39.178810911113104 ], [ -5.4935581850232, 39.182497143359697 ], [ -5.50110596568595, 39.188380552098103 ], [ -5.51139353250682, 39.198988371455897 ], [ -5.51457812666434, 39.209712767308403 ], [ -5.51853640204686, 39.204140577235798 ], [ -5.52431589937852, 39.2015919598472 ], [ -5.5281446296122, 39.191472611971697 ], [ -5.53175059652007, 39.193880823236903 ], [ -5.54139459230508, 39.2064008075549 ], [ -5.54776620966467, 39.210640092310697 ], [ -5.55101297891797, 39.215875425471999 ], [ -5.55184760454674, 39.213019244965302 ], [ -5.55668149029457, 39.208678869854801 ], [ -5.56419657138268, 39.210576729761002 ], [ -5.57048144921508, 39.2047713979644 ], [ -5.58405602352576, 39.200128530314203 ], [ -5.58973623905221, 39.200939319449297 ], [ -5.60527834841393, 39.190691553603102 ], [ -5.61324425262066, 39.188215734027501 ], [ -5.60519462363282, 39.175260682099498 ], [ -5.59374177570012, 39.166606180525001 ], [ -5.58735309753665, 39.158072410279999 ], [ -5.57656129287209, 39.150906030729601 ], [ -5.57953762071584, 39.142425514304499 ], [ -5.58278566018693, 39.139497601369897 ], [ -5.59205123886188, 39.134742156463602 ], [ -5.60087462363487, 39.1343473042811 ], [ -5.60196657976162, 39.128502966076503 ], [ -5.59523408489789, 39.1262836631116 ], [ -5.58362329786687, 39.118109074643698 ], [ -5.59215656902388, 39.108279594415698 ], [ -5.59960369345911, 39.107338887247998 ], [ -5.60440121181094, 39.100393726315403 ], [ -5.61075037937328, 39.099179531414201 ], [ -5.63595144955431, 39.099999589265202 ], [ -5.64593554301433, 39.1023229220106 ], [ -5.6642004558837, 39.088402012646 ], [ -5.67062445041422, 39.080957484618203 ], [ -5.68536919177358, 39.081754964042098 ], [ -5.69008665945383, 39.083006007383801 ], [ -5.70163190360509, 39.089909670630398 ], [ -5.72286582215029, 39.107270444113198 ], [ -5.72718118684138, 39.112729267543799 ], [ -5.74739015998678, 39.125398825003501 ], [ -5.75517702546581, 39.132296058143602 ], [ -5.7679061359738, 39.136859282027203 ], [ -5.81036663921824, 39.144581479405197 ], [ -5.81925426611045, 39.1298623817219 ], [ -5.81895121316115, 39.122554441154399 ], [ -5.81643389298653, 39.119750438106301 ], [ -5.83344995806645, 39.110328992989402 ], [ -5.84767843044548, 39.109603768375301 ], [ -5.85434850407507, 39.106404554786998 ], [ -5.87208047074087, 39.1042841520647 ], [ -5.92469505834151, 39.0831831045274 ], [ -5.93764273075474, 39.083785881368698 ], [ -5.92554035775249, 39.093846303523399 ], [ -5.92466166886069, 39.098039436329202 ], [ -5.92665728614585, 39.104637781758903 ], [ -5.93791257029306, 39.108939962104898 ], [ -5.94228878326824, 39.108514215613901 ], [ -5.94722864686338, 39.1024706153582 ], [ -5.95040448065027, 39.102660490416497 ], [ -5.95431608496048, 39.097489447511599 ], [ -5.95951846233281, 39.095276440639999 ], [ -5.96163986891053, 39.090168621509697 ], [ -5.96659469664169, 39.087583210245 ], [ -5.96840615659864, 39.0822669515725 ], [ -5.97398137344142, 39.076034912635599 ], [ -5.9790478914068, 39.073392048543802 ], [ -5.98168871466159, 39.068865181382897 ], [ -5.98682707359517, 39.069589432241003 ], [ -5.99019062563203, 39.0679626792462 ], [ -6.00637686837498, 39.056438479266198 ], [ -6.00930715486547, 39.052525155286197 ], [ -6.01065751587528, 39.055210926693199 ], [ -6.007753132306, 39.059736172350902 ], [ -6.01161268912702, 39.063275995902501 ], [ -6.01031735352162, 39.067327354994397 ], [ -6.01221128780479, 39.072188082130602 ], [ -6.01265449231145, 39.0891218844164 ], [ -6.01569999582199, 39.094943748542498 ], [ -6.01641302998547, 39.101906942572697 ], [ -6.01398144591993, 39.107789443536497 ], [ -6.01624414940701, 39.116108889229899 ], [ -6.01481770378756, 39.129298361483599 ], [ -6.01893435035803, 39.129119113324897 ], [ -6.03163148623181, 39.119897777132003 ], [ -6.04640588097868, 39.113611644065699 ], [ -6.06148706925968, 39.102721244750299 ], [ -6.07898137224402, 39.093728971749599 ], [ -6.08997093742513, 39.084636616848996 ], [ -6.10656699968551, 39.064574682145803 ], [ -6.11302290866316, 39.0610782054802 ], [ -6.12550740702099, 39.0499428022882 ], [ -6.13058027248214, 39.040554929379397 ], [ -6.13631985586907, 39.034518049011197 ], [ -6.14242697776801, 39.031578816865803 ], [ -6.14662612202089, 39.042401784537297 ], [ -6.15307187105269, 39.047334109099999 ], [ -6.15203795687307, 39.051100584252701 ], [ -6.16187790306931, 39.057241112395602 ], [ -6.16821496044331, 39.058915645680102 ], [ -6.20347289031732, 39.056498736988097 ], [ -6.21591111106495, 39.068598673603397 ], [ -6.22547742593409, 39.084791053727798 ], [ -6.23118461427525, 39.089795674852702 ], [ -6.26031655493442, 39.092370230336101 ], [ -6.26900373534736, 39.095251374188003 ], [ -6.29569130801619, 39.098138947285896 ], [ -6.29755210973676, 39.099617662478501 ], [ -6.3001112752339, 39.104167435765802 ], [ -6.31226580531986, 39.112143605142798 ], [ -6.31298188028062, 39.116069932496501 ], [ -6.31000716491278, 39.122919004952301 ], [ -6.31249644956569, 39.132114153684398 ], [ -6.30824152262859, 39.139446893744001 ], [ -6.30777664536739, 39.148783442272602 ], [ -6.31026273740777, 39.153198832147602 ], [ -6.3094384280317, 39.155852613430397 ], [ -6.31551491737941, 39.161318807498603 ], [ -6.31636027248595, 39.1662581467926 ], [ -6.32151238462656, 39.171723313676203 ], [ -6.31944736709581, 39.184209977454401 ], [ -6.32411512380488, 39.1864311952123 ], [ -6.33617797991778, 39.185248362650597 ], [ -6.35319657645015, 39.179003287109197 ], [ -6.37130728002627, 39.162986625212397 ], [ -6.37942662367002, 39.1627672231741 ], [ -6.39735179729218, 39.166650960388203 ], [ -6.4022397966544, 39.164501048340398 ], [ -6.41509898501216, 39.165773041425602 ], [ -6.43041525970807, 39.173781081750498 ], [ -6.4386860036132, 39.175843125293603 ], [ -6.44515245971059, 39.1734180432058 ], [ -6.45443279231577, 39.174584295858899 ], [ -6.4696885762571, 39.173328294288197 ], [ -6.49145457233501, 39.1679203084325 ], [ -6.54068776376397, 39.181692505138301 ], [ -6.5363176871805, 39.176015512801499 ], [ -6.5363552789802, 39.163384112532299 ], [ -6.53900293122777, 39.155270093840898 ], [ -6.5745837686155, 39.158354517812697 ], [ -6.57443212670734, 39.167689730991597 ], [ -6.57851367160809, 39.170365614552097 ], [ -6.58473073112811, 39.171111046541398 ], [ -6.58365337082807, 39.175413714932297 ], [ -6.57955131649109, 39.178953807068901 ], [ -6.58042715502846, 39.1797915773898 ], [ -6.60619274629701, 39.188012314746103 ], [ -6.61510784995878, 39.1887445145979 ], [ -6.6206717776734, 39.192057347187699 ], [ -6.62711059081288, 39.191892832939303 ], [ -6.62726745193284, 39.194040680799297 ], [ -6.63369720466437, 39.196839505261998 ], [ -6.64558968001228, 39.193341933350901 ], [ -6.65609202233946, 39.198542869450002 ], [ -6.66006657609324, 39.199066376917003 ], [ -6.68133248095076, 39.177147453273903 ], [ -6.6904315676676, 39.178534534472 ], [ -6.70874134240223, 39.184950890647599 ], [ -6.73301024338937, 39.189741152737298 ], [ -6.73850785926632, 39.189519566488499 ], [ -6.75097070642914, 39.194036327438504 ], [ -6.75356485052683, 39.193844528662602 ], [ -6.76168012659903, 39.188448401867603 ], [ -6.76783315330728, 39.188366381821197 ], [ -6.78458513704983, 39.200729698217899 ], [ -6.78812806647927, 39.209135005929099 ], [ -6.79326464764689, 39.211858891318997 ], [ -6.79822895260429, 39.21996529007 ], [ -6.79722723224782, 39.226293892303801 ], [ -6.80118149126271, 39.231109585703202 ], [ -6.80119014293719, 39.239413714463801 ], [ -6.79311643191322, 39.2475584467673 ], [ -6.784647923, 39.252923303480202 ], [ -6.7792818025143, 39.265374397853499 ], [ -6.76972359404231, 39.2679814440339 ], [ -6.76150652717034, 39.276606100939503 ], [ -6.75167272365402, 39.303593635004702 ], [ -6.75072942702868, 39.312405939878197 ], [ -6.74752350956124, 39.315769854217301 ], [ -6.7470775669896, 39.3217469156249 ], [ -6.74908912577776, 39.325753225746702 ], [ -6.77165833250064, 39.3288059826655 ], [ -6.77816431626719, 39.335475995767503 ], [ -6.79733854608795, 39.344506469502399 ], [ -6.79524035736704, 39.3616611120516 ], [ -6.79130985519815, 39.3683554516291 ], [ -6.80177123704335, 39.383640593038599 ], [ -6.80240259907619, 39.389492334262997 ], [ -6.80473799782931, 39.390388608767097 ], [ -6.81134392635771, 39.391478104201497 ], [ -6.84720116817186, 39.387495056312197 ], [ -6.85773767163269, 39.388712817037799 ], [ -6.86635887438129, 39.385931373664697 ], [ -6.86835334721274, 39.383379087594903 ], [ -6.87166002062078, 39.382521398769903 ], [ -6.88355751844944, 39.382754762767597 ], [ -6.89703781636767, 39.389466552109802 ], [ -6.90843366529727, 39.389011661051697 ], [ -6.91057423832993, 39.390758966615998 ], [ -6.91941537920278, 39.392145270789598 ], [ -6.923986291236, 39.3945848433777 ], [ -6.94680834676194, 39.400773769707598 ], [ -6.97776269784138, 39.412498051186702 ], [ -6.98067460300452, 39.414289677597402 ], [ -6.98259052265596, 39.419384669286899 ], [ -6.98943927748378, 39.419753061944 ], [ -6.99538107792939, 39.424565354779702 ], [ -7.02958878470977, 39.431759367036598 ], [ -7.03223562308374, 39.430532735484903 ], [ -7.04938480860726, 39.436672695013399 ], [ -7.06702519741976, 39.4142973221849 ], [ -7.04969432583335, 39.401942835989601 ], [ -7.03982456545114, 39.397080875722402 ], [ -7.01836853755362, 39.3923582039195 ], [ -7.00926692567252, 39.388484696672201 ], [ -7.01933262209294, 39.3824719081355 ], [ -7.01825092652334, 39.378591565276302 ], [ -7.02137224604721, 39.371314521136 ], [ -7.03240243214716, 39.368005179308099 ], [ -7.02937480421247, 39.359148904062799 ], [ -7.03001149505156, 39.350859001551399 ], [ -7.04802183345424, 39.3335083207105 ], [ -7.04879148034527, 39.329365636200997 ], [ -7.04412795200623, 39.326925150831698 ], [ -7.04727071701087, 39.3239753996491 ], [ -7.07217544106453, 39.3121448419137 ], [ -7.0774983849244, 39.3101749854481 ], [ -7.07989924570894, 39.311387675660399 ], [ -7.08459880367737, 39.323002798421498 ], [ -7.0831852398991, 39.335562102980703 ], [ -7.08707272354565, 39.339577335105503 ], [ -7.10210011262261, 39.3460456992537 ], [ -7.10337590448069, 39.354556503596797 ], [ -7.09892143476953, 39.359117738936 ], [ -7.07945730962345, 39.351408926535697 ], [ -7.06967022389177, 39.366639416461503 ], [ -7.06330200665553, 39.372266066493196 ], [ -7.07054031410966, 39.374219212716802 ], [ -7.07420837256996, 39.381214537215101 ], [ -7.08047920344624, 39.379292291498601 ], [ -7.0935273281695, 39.3799590593772 ], [ -7.09911007199606, 39.3851208915654 ], [ -7.10471793451456, 39.385949605243098 ], [ -7.11920621764006, 39.383653596283899 ], [ -7.12654093318882, 39.380898573287503 ], [ -7.13411537854419, 39.374748309706597 ], [ -7.13755416089281, 39.3767783762652 ], [ -7.14170189186707, 39.374901419218901 ], [ -7.15463060623456, 39.367505168203103 ], [ -7.16156165033566, 39.361331134737803 ], [ -7.16194000366532, 39.356571380939798 ], [ -7.16570206093864, 39.350582652304404 ], [ -7.1775117439567, 39.337568273548797 ], [ -7.17813924233549, 39.330782173380101 ], [ -7.17705734554327, 39.327416764975702 ], [ -7.16884394379767, 39.320146588558003 ], [ -7.16619285010422, 39.326068612230301 ], [ -7.15962446666309, 39.330671812180498 ], [ -7.15574901954305, 39.329657669595797 ], [ -7.15235350814333, 39.321475411059502 ], [ -7.1558548285071, 39.317360605898898 ], [ -7.15553125983336, 39.3144451614993 ], [ -7.16167764080515, 39.312126851706502 ], [ -7.17008308079889, 39.305890577413798 ], [ -7.17254567380977, 39.296814120338198 ], [ -7.18003226572697, 39.292708576913 ], [ -7.19074284382522, 39.283217802601101 ], [ -7.19871315516674, 39.270384786967099 ], [ -7.20419014752139, 39.265693472010099 ], [ -7.2313964047403, 39.278362738992797 ], [ -7.24821008208164, 39.253520222679697 ], [ -7.24604569560913, 39.245690874603298 ], [ -7.24238283749603, 39.242573978761399 ], [ -7.24216037959738, 39.234279755198997 ], [ -7.24497939536689, 39.232060481043298 ], [ -7.24551558628524, 39.225790158965403 ], [ -7.24044684768447, 39.2177712486546 ], [ -7.24168483484215, 39.208539915565098 ], [ -7.23143977630053, 39.203337919433103 ], [ -7.22106988966368, 39.192555623994998 ], [ -7.21667325349052, 39.191806049159702 ], [ -7.20844210552649, 39.187311179723203 ], [ -7.20049748600208, 39.1856621070757 ], [ -7.19563783926689, 39.187424735034497 ], [ -7.18798888764186, 39.1829609250549 ], [ -7.17837555854403, 39.180866558244503 ], [ -7.16723251799325, 39.1812667792721 ], [ -7.15631690661792, 39.175325914272399 ], [ -7.15096564606368, 39.174643373218203 ], [ -7.14968607678983, 39.172563550503099 ], [ -7.14051616420104, 39.172854234055499 ], [ -7.13491664792984, 39.171089985082297 ], [ -7.13252249666215, 39.165185868543396 ], [ -7.13484622090987, 39.162986848792499 ], [ -7.13357351027322, 39.160420256747003 ], [ -7.1406448424756, 39.150424034470397 ], [ -7.13643338681174, 39.145080006293 ], [ -7.13771153405252, 39.141828355554701 ], [ -7.14185361821686, 39.139492456614803 ], [ -7.14385651544906, 39.127712997893703 ], [ -7.14984611075938, 39.122402027190702 ], [ -7.14796614617717, 39.115002806259199 ], [ -7.14413705841397, 39.109249120121902 ], [ -7.10612776579282, 39.099311181068003 ], [ -7.10053956200597, 39.1049930310988 ], [ -7.08063854930628, 39.108871687118899 ], [ -7.06804499367636, 39.113410403226602 ], [ -7.06500109096368, 39.1129493392583 ], [ -7.05611965885368, 39.115519767224797 ], [ -7.05329743699693, 39.117914709586401 ], [ -7.03942679054502, 39.118378882231099 ], [ -7.02863370308624, 39.115843812397998 ], [ -7.0056189894746, 39.102461667254701 ], [ -6.99620173745045, 39.099254683331502 ], [ -6.98133629036471, 39.087749088911103 ], [ -6.97084602947977, 39.072786912154498 ], [ -6.96964446092202, 39.067639989539103 ], [ -6.96274641912782, 39.061029836005098 ], [ -6.95964453555346, 39.054731518750899 ], [ -6.96821136148128, 39.039813747515197 ], [ -6.95164525983225, 39.023994963106297 ], [ -6.96438381522713, 39.012284337452201 ], [ -6.98375079027018, 38.980756853710801 ], [ -7.02076597126534, 38.9401426160507 ], [ -7.02725227294398, 38.923953041864003 ], [ -7.05236450064177, 38.907156409429803 ], [ -7.04251452834863, 38.899143618170797 ], [ -7.03913496923173, 38.891378537080897 ], [ -7.04049160317717, 38.883810171206498 ], [ -7.03586229526057, 38.883655755384602 ], [ -7.03346491095619, 38.879173271470201 ], [ -7.03949442560109, 38.870705953006201 ], [ -7.03966544237328, 38.8647710130383 ], [ -7.04337710056591, 38.863382601319799 ], [ -7.04649551763308, 38.864741386240702 ], [ -7.05406597177365, 38.857686631099703 ], [ -7.06097828240781, 38.8581035196732 ], [ -7.06864689006957, 38.853811080017401 ], [ -7.07512034494135, 38.846561053978803 ], [ -7.0894953082887, 38.818864944790199 ], [ -7.09526809071359, 38.815341556863302 ], [ -7.1027477467385, 38.817697964034799 ], [ -7.11609142886832, 38.816904870724301 ], [ -7.12887669665797, 38.813839680181097 ], [ -7.15512243475091, 38.793853028668799 ], [ -7.15801380801993, 38.784991727671802 ], [ -7.1612184705409, 38.780745457142203 ], [ -7.17058417364081, 38.775808746944399 ], [ -7.19285045587347, 38.767625482439598 ], [ -7.20370667243885, 38.750537089099701 ], [ -7.21798456653156, 38.743204071357297 ], [ -7.22559526070525, 38.737515952331599 ], [ -7.241808687367, 38.735180544038599 ], [ -7.25562970010285, 38.725887252943402 ], [ -7.25348544128256, 38.7176616920963 ], [ -7.26469205380937, 38.7037254016875 ], [ -7.26712093035266, 38.6900823274812 ], [ -7.26442302724639, 38.683750440068501 ], [ -7.26835642109217, 38.669331874586199 ], [ -7.2670657369633, 38.6563200208575 ], [ -7.27002000937021, 38.6387850144623 ], [ -7.26531090590353, 38.628518905595399 ], [ -7.25977727656685, 38.627559027750699 ], [ -7.25002312756508, 38.629004121555901 ], [ -7.24523560566568, 38.6268726317114 ], [ -7.24445807515973, 38.623622623011002 ], [ -7.25412334394897, 38.616417217876702 ], [ -7.25744287404533, 38.611991279892798 ], [ -7.26374276272612, 38.588412457178798 ], [ -7.26867531762814, 38.5849000795818 ], [ -7.27509056975435, 38.576028555298997 ], [ -7.28174556695852, 38.576424319872302 ], [ -7.28523311704733, 38.5746843634222 ], [ -7.28695315545781, 38.5638768633005 ], [ -7.29050193920793, 38.5568208623869 ], [ -7.30303878778721, 38.544913050429003 ], [ -7.30207136780325, 38.527161469771102 ], [ -7.30685563420803, 38.519726302661198 ], [ -7.31428765886161, 38.513765004609603 ], [ -7.31591497406679, 38.495737648622999 ], [ -7.32027890797035, 38.4889929213562 ], [ -7.32294600694722, 38.478222088733197 ], [ -7.32076327867323, 38.475826100634897 ], [ -7.31384820841452, 38.474757511470202 ], [ -7.3092734066761, 38.480654120793801 ], [ -7.30143415414468, 38.483698677378499 ], [ -7.29788539195409, 38.482406219007501 ], [ -7.29590185341627, 38.477759863574398 ], [ -7.30137153707777, 38.466093892727898 ], [ -7.30828211486176, 38.461912780075501 ], [ -7.31446105077943, 38.460649226161301 ], [ -7.31333876393542, 38.454701536658 ], [ -7.31559220669025, 38.449277718801099 ], [ -7.33142029023109, 38.4439282974664 ], [ -7.33626352833933, 38.434931889164297 ], [ -7.3344308798198, 38.434540471769402 ], [ -7.33063282974798, 38.437851322210498 ], [ -7.32953597510797, 38.436360905092201 ], [ -7.32852443077557, 38.438784969500198 ], [ -7.31687057761151, 38.439801087558301 ], [ -7.31526305319038, 38.435312260497703 ], [ -7.31151548843754, 38.436026907204401 ], [ -7.30735880305654, 38.430830360255399 ], [ -7.30386818522108, 38.4320125660591 ], [ -7.30000221173399, 38.425337068143897 ], [ -7.2952751608263, 38.426132207122798 ], [ -7.2945022072367, 38.428349049368897 ], [ -7.29195673296278, 38.427514862693997 ], [ -7.29407190343582, 38.4261133135644 ], [ -7.29240734228235, 38.423913835800398 ], [ -7.28985961683031, 38.424970948901098 ], [ -7.28843272025662, 38.422915805818803 ], [ -7.28585601335689, 38.423676692078402 ], [ -7.28400837465019, 38.4191512085997 ], [ -7.28085017658898, 38.420338547011298 ], [ -7.28072671123801, 38.414957346662099 ], [ -7.27124986318126, 38.394985547412801 ], [ -7.24618691077178, 38.367626837846402 ], [ -7.23176314734495, 38.355891526143203 ], [ -7.22011910468213, 38.343099497662799 ], [ -7.21416304617632, 38.340179816947099 ], [ -7.20208922522708, 38.3285541425698 ], [ -7.19822779721534, 38.319109785530401 ], [ -7.18289252135453, 38.295980374535397 ], [ -7.17206887949797, 38.2854054181336 ], [ -7.1686087603647, 38.284447827883497 ], [ -7.16993454616329, 38.279266877249 ], [ -7.16448883045188, 38.281342992527698 ], [ -7.16157842367863, 38.279401937050999 ], [ -7.15550840130265, 38.278810813913204 ], [ -7.15545411341505, 38.276056704723601 ], [ -7.15055756298967, 38.275743920493603 ], [ -7.15337171078864, 38.273401520234003 ], [ -7.15184099951083, 38.272203870414302 ], [ -7.15335622562978, 38.270727079540698 ], [ -7.15278190482087, 38.2676671613821 ], [ -7.15026757693448, 38.268251636239803 ], [ -7.15013994250228, 38.270021521051397 ], [ -7.14743124703618, 38.269802170438602 ], [ -7.14876295722406, 38.268512073546098 ], [ -7.14615744135321, 38.265488019579998 ], [ -7.1472435117182, 38.262693513258903 ], [ -7.14503391213914, 38.263411165318303 ], [ -7.1430983732819, 38.261516192106399 ], [ -7.14517672809963, 38.258092195252203 ], [ -7.14272012864834, 38.255468038871797 ], [ -7.14490583663414, 38.251121546094197 ], [ -7.14287296621418, 38.240475459569602 ], [ -7.1397259396018, 38.236137369256497 ], [ -7.1290707183863, 38.2286593690174 ], [ -7.12227726384737, 38.218360531359401 ], [ -7.11735485541653, 38.213877065659503 ], [ -7.11720475142413, 38.208586259535302 ], [ -7.11549648363881, 38.206430579663099 ], [ -7.11326437317702, 38.206725108131899 ], [ -7.1136954001217, 38.2032333054227 ], [ -7.1099204304645, 38.1935572138811 ], [ -7.10745467268888, 38.192733900932801 ], [ -7.10786520277372, 38.188062973845597 ], [ -7.10289607116832, 38.1869579804289 ], [ -7.09771739404814, 38.179267053004097 ], [ -7.08882240186893, 38.178136378745897 ], [ -7.08560653376309, 38.169394650199401 ], [ -7.07461494018607, 38.176676412475999 ], [ -7.06676263064197, 38.178687327007097 ], [ -7.06523387769146, 38.182793526314001 ], [ -7.06639136771482, 38.186572353730803 ], [ -7.05659565725812, 38.1858758346714 ], [ -7.05520188067062, 38.183176881687601 ], [ -7.05949040819262, 38.180263340143199 ], [ -7.05914314016501, 38.177708352512099 ], [ -7.05641581363994, 38.180171580201801 ], [ -7.05106423059051, 38.1795549575438 ], [ -7.04757079473996, 38.181170711974097 ], [ -7.04356245534837, 38.187249997801104 ], [ -7.03761607888471, 38.186410098368803 ], [ -7.02961340843005, 38.182632160714498 ], [ -7.02289843161265, 38.185438789140797 ], [ -7.01735181802685, 38.192069106687498 ], [ -7.01689726600148, 38.197290814575702 ], [ -7.01234906068369, 38.1955279844057 ], [ -7.01039689850213, 38.196351390725397 ], [ -7.01049571138675, 38.201058752642901 ], [ -7.01231926805729, 38.203293211539702 ], [ -7.01114107366325, 38.204702598084403 ], [ -7.00537653687435, 38.204701502524998 ], [ -7.00232399955518, 38.203157434953198 ], [ -6.99568150330648, 38.203798307028201 ], [ -6.98354216732523, 38.211228003611502 ], [ -6.98113034799256, 38.211381966562897 ], [ -6.97737146536546, 38.205879970413903 ], [ -6.97216837203588, 38.202354345866098 ], [ -6.95706376557372, 38.2168264107843 ], [ -6.94775381192035, 38.217365435148302 ], [ -6.95001660164571, 38.212344188104097 ], [ -6.94676054201577, 38.2118773684956 ], [ -6.94286335746246, 38.217926334498401 ], [ -6.93732931669738, 38.220526254968703 ], [ -6.93606809281825, 38.219370624760103 ], [ -6.93869572071985, 38.2075547661046 ], [ -6.93566031067987, 38.206728912130103 ], [ -6.93339457807361, 38.208534385571497 ], [ -6.93173161053146, 38.2080324584159 ], [ -6.92722649919446, 38.204435528171999 ], [ -6.92415735112735, 38.2050971981609 ], [ -6.92539992867613, 38.2018842064426 ], [ -6.92276846586658, 38.200278724090303 ], [ -6.91819783500605, 38.201260972249301 ], [ -6.9138148361572, 38.199768336388601 ], [ -6.90280567422817, 38.201802109678603 ], [ -6.89874076432987, 38.198566476382197 ], [ -6.89474387666152, 38.198107311444097 ], [ -6.89278501933612, 38.195404844712499 ], [ -6.8836227612919, 38.193527759855598 ], [ -6.86011596853391, 38.180449669397703 ], [ -6.84875134504359, 38.177232053669499 ], [ -6.8226921313396, 38.173813545059602 ], [ -6.80604473664894, 38.1786530389926 ], [ -6.79504285826025, 38.178394451933102 ], [ -6.79286992521612, 38.173316307887802 ], [ -6.79286150710358, 38.166335514569802 ], [ -6.79426013998352, 38.159867701485702 ], [ -6.79890263786341, 38.1552405751005 ], [ -6.79954039320612, 38.143797983424598 ], [ -6.80913863509877, 38.134704180780403 ], [ -6.8161239356464, 38.120154789296002 ], [ -6.80782037628393, 38.111110355835699 ], [ -6.79995113619167, 38.1147973457362 ], [ -6.79782825637688, 38.113875201005897 ], [ -6.79687670333575, 38.110473964816897 ], [ -6.78915947615588, 38.109173978756999 ], [ -6.78333869045713, 38.1119200065719 ], [ -6.78034999371024, 38.109016626881903 ], [ -6.77485928947109, 38.1126433771786 ], [ -6.77005488373594, 38.112113169218397 ], [ -6.76962319203795, 38.110370494180899 ], [ -6.77363890839466, 38.104665499134903 ], [ -6.77136271131369, 38.103189286720202 ], [ -6.76492940484688, 38.1059991298659 ], [ -6.7645738848951, 38.102407326456301 ], [ -6.77008769200674, 38.0994559292959 ], [ -6.76102387224968, 38.097872967530797 ], [ -6.75821726401085, 38.092711175137303 ], [ -6.75449378039587, 38.095010251951201 ], [ -6.74767847882923, 38.091462635212103 ], [ -6.74224472957572, 38.093311489557202 ], [ -6.73199132209184, 38.090052659767899 ], [ -6.73046024250475, 38.092443436827097 ], [ -6.73516429474455, 38.093942285201003 ], [ -6.72939465642313, 38.099503579291799 ], [ -6.72712532336924, 38.099710785190403 ], [ -6.72686388307885, 38.097485091742598 ], [ -6.72416750531191, 38.096913041361702 ], [ -6.71975043426268, 38.100620306599197 ], [ -6.71696785595771, 38.099924745795597 ], [ -6.71504077563717, 38.092490982519202 ], [ -6.70690150286884, 38.096531638255399 ], [ -6.69182046191154, 38.0949439839411 ], [ -6.6886668946656, 38.100231829671898 ], [ -6.68486696801318, 38.097207304056099 ], [ -6.68002218570096, 38.097431343775 ], [ -6.67679674155419, 38.0953974791598 ], [ -6.67356849376542, 38.095804853282203 ], [ -6.67250084694856, 38.094288828363098 ], [ -6.6663780009389, 38.094254992015998 ], [ -6.66036795997274, 38.0923706529952 ], [ -6.65871119439928, 38.095259896076001 ], [ -6.65302697957319, 38.096481862644502 ], [ -6.65011983188781, 38.095329161314098 ], [ -6.65151636630323, 38.092700364609499 ], [ -6.6492971008517, 38.090021838281203 ], [ -6.64616689159976, 38.091254157364503 ], [ -6.64205630506421, 38.097534424126103 ], [ -6.63689341134357, 38.0962100201493 ], [ -6.62825255255826, 38.0984277273513 ], [ -6.62242544451653, 38.097004206891199 ], [ -6.61278141010397, 38.085896831273899 ], [ -6.60771353298756, 38.083431248569397 ], [ -6.6044961045081, 38.077332311544801 ], [ -6.59883524408277, 38.073911562885201 ], [ -6.59431699668139, 38.0668637405361 ], [ -6.58052569482524, 38.052772391213701 ], [ -6.58446106765959, 38.044238436715901 ], [ -6.58384838339817, 38.034248712551801 ], [ -6.58717395286818, 38.026778254577202 ], [ -6.58473950317683, 38.026600298361501 ], [ -6.58611455528057, 38.0237387049822 ], [ -6.58358066747718, 38.021284586606399 ], [ -6.57906780547593, 38.022151916285701 ], [ -6.57215300381348, 38.020227341982199 ], [ -6.56965437847826, 38.022708587935298 ], [ -6.57152312130593, 38.024138190231902 ], [ -6.56523837822083, 38.026986566622902 ], [ -6.55341967252406, 38.026569983689001 ], [ -6.54569326635862, 38.028118726145401 ], [ -6.52481964680249, 38.0215129789662 ], [ -6.49504105208939, 38.019132530275797 ], [ -6.49282957682799, 38.016207425565803 ], [ -6.49560335523644, 38.015151952054701 ], [ -6.49174697755325, 38.012113577073499 ], [ -6.49173503894312, 38.009465372812997 ], [ -6.48435659520299, 38.008017763689999 ], [ -6.480011527717, 38.009551910087502 ], [ -6.47656007912285, 38.0078343259622 ], [ -6.47397988047163, 38.009856571243603 ], [ -6.47055870779752, 38.009984686232102 ], [ -6.46928003055072, 38.0120854589739 ], [ -6.46532182074523, 38.011211283476598 ], [ -6.46472506630873, 38.013769401149901 ], [ -6.4703347425258, 38.0146488273015 ], [ -6.47259539336248, 38.016464890743798 ], [ -6.47385983051539, 38.024427282694496 ], [ -6.46962040850009, 38.0311199957235 ], [ -6.46577772563338, 38.032233422113102 ], [ -6.46551482019076, 38.035554267657197 ], [ -6.46124986895341, 38.035689057914702 ], [ -6.45266921795336, 38.042878390905003 ], [ -6.44793240505348, 38.043648177145201 ], [ -6.44392955526656, 38.046954786654702 ], [ -6.45276010140897, 38.055956562385298 ], [ -6.44463670277002, 38.0596004298149 ], [ -6.43651686505284, 38.057496058286702 ], [ -6.41422340518955, 38.058560744946703 ], [ -6.4026182928162, 38.0525282751737 ], [ -6.39043232349197, 38.048430313680903 ], [ -6.37332223534452, 38.049697779155103 ], [ -6.36756738419102, 38.048916982022497 ], [ -6.36752925430046, 38.046098236259603 ], [ -6.3633238119591, 38.0430746408543 ], [ -6.35871183613762, 38.031190335669699 ], [ -6.35955481609854, 38.022472558641901 ], [ -6.35781757854362, 38.018846468527002 ], [ -6.3590955101887, 38.016656754237097 ], [ -6.3527062939344, 38.007397748920702 ], [ -6.34053228747474, 37.999825461760899 ], [ -6.32695444329646, 37.9969043345816 ], [ -6.32174298036335, 37.993430061676499 ], [ -6.31994986310619, 37.990273489828702 ], [ -6.30942790516646, 37.985279817323999 ], [ -6.30394551393692, 37.978335172081202 ], [ -6.29077296985187, 37.976974967308102 ], [ -6.28043272312782, 37.973525203190597 ], [ -6.26543506289687, 37.973582486541602 ], [ -6.25751396126661, 37.971270679449901 ], [ -6.25289602152994, 37.9715877811825 ], [ -6.2473273013033, 37.967119982922199 ], [ -6.24548507135293, 37.962242758548697 ], [ -6.24000824249165, 37.959060386916299 ], [ -6.23432989905425, 37.958018493287099 ], [ -6.21480593173719, 37.961492578703997 ], [ -6.21034580802963, 37.960722525892102 ], [ -6.20871547089185, 37.958559740958002 ], [ -6.20533003499633, 37.959733233622302 ], [ -6.20400200340954, 37.962165932187602 ], [ -6.20151680159961, 37.962062486952398 ], [ -6.20041604647466, 37.960560846710003 ], [ -6.20199639596012, 37.959220423369302 ], [ -6.19417786756231, 37.954730184553 ], [ -6.1959892134332, 37.948743702089899 ], [ -6.18571739767254, 37.945103346118799 ], [ -6.18023990585457, 37.9410261658225 ], [ -6.1791641939631, 37.9440464293804 ], [ -6.17811985124134, 37.945155810360603 ], [ -6.17745403702072, 37.946074757713603 ], [ -6.1767993125023, 37.946723120779097 ], [ -6.17624584159116, 37.947080422841701 ], [ -6.17450674991347, 37.947911211798001 ], [ -6.17339898882763, 37.948607843128102 ], [ -6.17040775344171, 37.951012991799303 ], [ -6.16794423516612, 37.951935290040197 ], [ -6.16781542663585, 37.9558218835055 ], [ -6.15380673337928, 37.957649064655499 ], [ -6.14878144718715, 37.962009251461197 ], [ -6.14856737236671, 37.963924985981798 ], [ -6.14936002780713, 37.965696655532099 ], [ -6.14898834267182, 37.966319298265901 ], [ -6.14840533066252, 37.966524096598597 ], [ -6.14661527306721, 37.966445890174299 ], [ -6.14367916818863, 37.965380223822301 ], [ -6.14302524586575, 37.9655238428346 ], [ -6.14237786687143, 37.965820431955301 ], [ -6.14172984827661, 37.966369343702901 ], [ -6.14032272991048, 37.968334985199697 ], [ -6.13999400221207, 37.968632054445202 ], [ -6.13940801767751, 37.969035112458798 ], [ -6.13888034548297, 37.969472689047997 ], [ -6.13832060612775, 37.970226377784499 ], [ -6.13785121752719, 37.971230002058498 ], [ -6.13763689207679, 37.971542034981297 ], [ -6.13732969430078, 37.971811511484901 ], [ -6.13618354460954, 37.972157429790997 ], [ -6.1355670272368, 37.972195454645203 ], [ -6.13505879099176, 37.972168169604899 ], [ -6.13388748757426, 37.972190432442297 ], [ -6.13118514948542, 37.973145392616303 ], [ -6.13010018045497, 37.973057158164103 ], [ -6.12190904525032, 37.978779869695501 ], [ -6.11681822156828, 37.981401639185798 ], [ -6.11432789756461, 37.981999221617599 ], [ -6.11194620592992, 37.981936164971003 ], [ -6.1051730218754, 37.982736958974598 ], [ -6.09476721340694, 37.9816059090059 ], [ -6.0882218510916, 37.985129723126697 ], [ -6.07817195513873, 37.984627586807903 ], [ -6.06514573852861, 37.988644074217603 ], [ -6.06212020456689, 37.991443907091202 ], [ -6.06112146032893, 37.9912446855583 ], [ -6.06061204279931, 37.991861610730197 ], [ -6.05827989504918, 37.991354716937998 ], [ -6.05748533158709, 37.991411433451901 ], [ -6.05686583719751, 37.991571708057002 ], [ -6.05639565179126, 37.991763571565201 ], [ -6.05609647058084, 37.991961121612199 ], [ -6.05568802368914, 37.9922690671495 ], [ -6.05507729775503, 37.992915069150001 ], [ -6.05387291208055, 37.995442087450598 ], [ -6.05352578419015, 37.995856548692899 ], [ -6.05260181391983, 37.996637379070499 ], [ -6.05202962301647, 37.996841448609302 ], [ -6.05108987653312, 37.996974162986497 ], [ -6.04726852595949, 37.997343432665403 ], [ -6.04647053093302, 37.997319077095298 ], [ -6.04395110151415, 37.9966906184737 ], [ -6.04058724225346, 37.994912684245499 ], [ -6.03952279164237, 37.995327646152099 ], [ -6.03881171311123, 37.995201881360899 ], [ -6.03820633844129, 37.995154467131997 ], [ -6.03815599595446, 37.995176041261203 ], [ -6.03788614653467, 37.995154862156298 ], [ -6.03600589628821, 37.995951198524203 ], [ -6.03525073113786, 37.996412201013797 ], [ -6.03486603839724, 37.996746461544099 ], [ -6.03459872312486, 37.9971677941721 ], [ -6.03433322065276, 37.997354851924399 ], [ -6.03348910072973, 37.997592896099299 ], [ -6.03074513021908, 37.997591607711598 ], [ -6.0242265906998, 37.9932817908334 ], [ -6.01710215279274, 37.9911223743132 ], [ -6.01305129524044, 37.993397692276403 ], [ -6.00906208457451, 37.992174901057602 ], [ -6.00627564261552, 37.9914083028306 ], [ -6.00430636932437, 37.992251774596603 ], [ -5.99469429247806, 37.998046996854598 ], [ -5.99354887132053, 37.999487922880803 ], [ -5.99350284254369, 37.999545971011401 ], [ -5.98929079129679, 37.9990044903574 ], [ -5.98824221571341, 37.998697795631401 ], [ -5.98693908003637, 37.998010135734702 ], [ -5.98651658259533, 37.997927396890702 ], [ -5.98649147378483, 37.997922404056901 ], [ -5.98192566328409, 37.998200541118997 ], [ -5.97752599799178, 37.999771720619698 ], [ -5.96354811245787, 37.999025624461503 ], [ -5.96310808978396, 37.9991268337644 ], [ -5.96143577347462, 37.999727566322797 ], [ -5.96092429431143, 37.999749451283897 ], [ -5.95882409066933, 37.999054540408103 ], [ -5.95781917949697, 37.998980703068298 ], [ -5.95582684824912, 37.998418166083802 ], [ -5.95508940236778, 37.996499547976001 ], [ -5.95368828025619, 37.995345465385597 ], [ -5.94941609219092, 38.0001108771175 ], [ -5.94673821882053, 38.003754940438803 ], [ -5.94512418161358, 38.006957892804202 ], [ -5.94505111354667, 38.009969033549403 ], [ -5.94488543815716, 38.010666912753102 ], [ -5.94460350010859, 38.011304678426001 ], [ -5.94056757974282, 38.014892623743698 ], [ -5.93646097364228, 38.024419783766703 ], [ -5.93692054545343, 38.027940208511097 ], [ -5.93276180293044, 38.030765120752299 ], [ -5.93268847794536, 38.031496760025803 ], [ -5.93291459558049, 38.032319774009103 ], [ -5.9359158480801, 38.0361641338243 ], [ -5.93697682939757, 38.040480399417902 ], [ -5.93422448928339, 38.046874115694202 ], [ -5.9275069612506, 38.050420364218297 ], [ -5.91927847140147, 38.049796185090599 ], [ -5.91777769558217, 38.053320321952597 ], [ -5.91766007736541, 38.054089078835297 ], [ -5.91806072328718, 38.05614241192 ], [ -5.91791243838323, 38.056425405310399 ], [ -5.91312814323234, 38.059625587285197 ], [ -5.91167990448411, 38.062760937651802 ], [ -5.90898240741636, 38.0628458043413 ], [ -5.90804541426935, 38.068247974701599 ], [ -5.90970495114545, 38.071873932248003 ], [ -5.90925076473444, 38.073642132061401 ], [ -5.9097792552942, 38.0743228061271 ], [ -5.90981530468652, 38.075231920735902 ], [ -5.91038268960314, 38.076605396492702 ], [ -5.91052829842586, 38.077115356549399 ], [ -5.91064724165768, 38.077823994289602 ], [ -5.91081026791543, 38.0781983346454 ], [ -5.91249840265863, 38.078228606022698 ], [ -5.91279090489489, 38.078319209355897 ], [ -5.91290271550338, 38.078353916479102 ], [ -5.91320011445629, 38.078772820441102 ], [ -5.91334900302808, 38.078982359912203 ], [ -5.91394454294233, 38.080201935628203 ], [ -5.92075183423159, 38.084844144621499 ], [ -5.9283445387434, 38.0877185970852 ], [ -5.92930462757635, 38.089208316439603 ], [ -5.92934358301865, 38.089612790941104 ], [ -5.92786574208687, 38.091145299731203 ], [ -5.92919219982529, 38.096383018271602 ], [ -5.9275877467441, 38.097603336566699 ], [ -5.92637848770921, 38.1050120423415 ], [ -5.92573058140379, 38.105920172402499 ], [ -5.92523028536756, 38.106527293456502 ], [ -5.92477544677966, 38.106844962930097 ], [ -5.92283332866124, 38.107325807758897 ], [ -5.91872228218828, 38.112329486009799 ], [ -5.91849834206942, 38.113587561570398 ], [ -5.91853149170001, 38.113848051402897 ], [ -5.91870392062387, 38.114158955559503 ], [ -5.91821410343542, 38.114468595384302 ], [ -5.91792127600898, 38.115133623822302 ], [ -5.91410161516639, 38.117733206597997 ], [ -5.91251921842037, 38.122971113918702 ], [ -5.9073350624753, 38.123964563417097 ], [ -5.90522008064845, 38.124989995480199 ], [ -5.9000687760933, 38.1276762136618 ], [ -5.89839121901262, 38.128231215662296 ], [ -5.89529986459167, 38.130532965036899 ], [ -5.88066543545091, 38.132280572217098 ], [ -5.87696093144124, 38.1378669510839 ], [ -5.87818229617289, 38.138756023462797 ], [ -5.87780802029628, 38.139972536445903 ], [ -5.87776589559766, 38.140351987393302 ], [ -5.87785983512186, 38.140719294794003 ], [ -5.87780396350445, 38.141910025582199 ], [ -5.87868472301296, 38.146321258052197 ], [ -5.87683626144946, 38.148348746112603 ], [ -5.87774764632266, 38.151506918900303 ], [ -5.87778541419215, 38.152758345275998 ], [ -5.87741510437753, 38.153785545660199 ], [ -5.87756193580734, 38.154619866274501 ], [ -5.87757071144935, 38.155133210051197 ], [ -5.87751361093661, 38.155422948324002 ], [ -5.87737676787447, 38.155714596900197 ], [ -5.87691566174081, 38.156176392559502 ], [ -5.87545142759063, 38.156951097647401 ], [ -5.87526427078769, 38.157126883292698 ], [ -5.87501388067359, 38.158015953353498 ], [ -5.87468422411718, 38.1583393773615 ], [ -5.87429410375557, 38.158574159580603 ], [ -5.87352037042831, 38.158629155165499 ], [ -5.8724204704995, 38.159097564935301 ], [ -5.86960736025467, 38.159526776927699 ], [ -5.86862281568643, 38.160028356770603 ], [ -5.86604614471932, 38.160667961173303 ], [ -5.86521292675056, 38.160669700153903 ], [ -5.8644144367524, 38.160671696237998 ], [ -5.86316317159653, 38.160188657828598 ], [ -5.86269504512892, 38.160182104469897 ], [ -5.8622422043942, 38.160274222968702 ], [ -5.86157154555926, 38.160632942106801 ], [ -5.86118536251359, 38.160678407770199 ], [ -5.86084191861416, 38.160650725344503 ], [ -5.86008196544335, 38.160768366398997 ], [ -5.85895458425336, 38.161120186558101 ], [ -5.85770582090554, 38.161285734604498 ], [ -5.85657307497669, 38.161502518065603 ], [ -5.85623706283958, 38.161663849227097 ], [ -5.85562162614012, 38.1625618051497 ], [ -5.85542923036247, 38.163188178031497 ], [ -5.85512823186023, 38.165709222406299 ], [ -5.85558114715511, 38.168833693342698 ], [ -5.85520695482183, 38.1694824998252 ], [ -5.85432704511957, 38.170621115749 ], [ -5.85404107453371, 38.170898362842898 ], [ -5.85152386844515, 38.171905587921501 ], [ -5.84827521991626, 38.172011505949399 ], [ -5.84730009867538, 38.171881983234698 ], [ -5.84674387891941, 38.171372908564798 ], [ -5.8465493460497, 38.171359615295501 ], [ -5.84618261871644, 38.171714479711802 ], [ -5.84553743610295, 38.172339171549098 ], [ -5.84434886526908, 38.1731789238749 ], [ -5.8407796008288, 38.174130571453603 ], [ -5.83914560575117, 38.174376786267601 ], [ -5.83785741265058, 38.174426217119802 ], [ -5.83244078438805, 38.171889884421397 ], [ -5.82309495920879, 38.169862600961402 ], [ -5.82243472622103, 38.170202845106303 ], [ -5.82227932216846, 38.170612034310899 ], [ -5.82248191202797, 38.171129742978302 ], [ -5.8242364466437, 38.172231800604102 ], [ -5.82324318841718, 38.173706443230998 ], [ -5.82299223326277, 38.174892824181299 ], [ -5.82277517244235, 38.175474532968103 ], [ -5.8226012244674, 38.175564190158802 ], [ -5.82231632646996, 38.175710821375297 ], [ -5.81978666703661, 38.174636376254703 ], [ -5.81873212214819, 38.175112215385901 ], [ -5.81823320233095, 38.175493611259199 ], [ -5.81805678488727, 38.176543011973003 ], [ -5.81763871703886, 38.1769494934317 ], [ -5.81757016659955, 38.177554564097903 ], [ -5.81756210242324, 38.177627085777502 ], [ -5.81714259637207, 38.177700228808597 ], [ -5.81648908098602, 38.177328486489301 ], [ -5.81538729818835, 38.176282733193098 ], [ -5.81123758553062, 38.178193247841897 ], [ -5.81062776240336, 38.173612732268097 ], [ -5.80871654812735, 38.174073024767402 ], [ -5.80661109742571, 38.177204776514799 ], [ -5.80534116258326, 38.177721679225399 ], [ -5.8037176391669, 38.178247030276403 ], [ -5.80204167749416, 38.177404064681703 ], [ -5.80033627802955, 38.174597617541799 ], [ -5.79994412927205, 38.174489838212601 ], [ -5.7994340290228, 38.174583086903297 ], [ -5.79799714408142, 38.175212036474001 ], [ -5.79434918452732, 38.177118945954199 ], [ -5.79115875221876, 38.1778616604118 ], [ -5.78908385681315, 38.1797219536884 ], [ -5.78849567050784, 38.180298039784702 ], [ -5.78815948499589, 38.180626872086897 ], [ -5.78414622463317, 38.182848498684699 ], [ -5.78170456326676, 38.185879726607297 ], [ -5.77527518692932, 38.185212014370897 ], [ -5.77212278120506, 38.183358370177999 ], [ -5.76835641830659, 38.183375192506901 ], [ -5.76631000488539, 38.182990952006001 ], [ -5.76498161576909, 38.1828688276902 ], [ -5.76113235723453, 38.182806300622303 ], [ -5.75728076487684, 38.180563247878297 ], [ -5.7562495222869, 38.181065014154598 ], [ -5.75534486849012, 38.181897173968302 ], [ -5.75535653580902, 38.182509589531499 ], [ -5.75573540926324, 38.182870107873697 ], [ -5.75752011020453, 38.183882363704797 ], [ -5.75735678390945, 38.184697114328301 ], [ -5.75672739098375, 38.185261521897502 ], [ -5.75621109235903, 38.185192560159599 ], [ -5.75426907575025, 38.184247048304798 ], [ -5.75264480313897, 38.185069047827099 ], [ -5.75088351409064, 38.186497916891803 ], [ -5.74960922331737, 38.187825247700303 ], [ -5.74992179840871, 38.189457768141203 ], [ -5.74947480570648, 38.190017862316402 ], [ -5.74863118884, 38.190352983933103 ], [ -5.74645635855399, 38.189593000493197 ], [ -5.74584641954407, 38.189463113641501 ], [ -5.7453818099808, 38.189555077931097 ], [ -5.74444464974716, 38.190135631777899 ], [ -5.74201503029714, 38.1938415509753 ], [ -5.73632150892471, 38.195154808811999 ], [ -5.73148150115823, 38.195177489579201 ], [ -5.73011386374887, 38.1958580074431 ], [ -5.72889704898412, 38.196904454713703 ], [ -5.72816282086812, 38.197417148428499 ], [ -5.72702975783396, 38.197038033256597 ], [ -5.72572423982479, 38.196320526570098 ], [ -5.72507601461747, 38.195776953688799 ], [ -5.72384299244839, 38.193021440194997 ], [ -5.72322768959789, 38.192441051261 ], [ -5.71511886612442, 38.189286088482199 ], [ -5.71349595805403, 38.185854721339197 ], [ -5.70787875664981, 38.1883000559937 ], [ -5.70593513026006, 38.185137267579897 ], [ -5.70101517961982, 38.186376841334102 ], [ -5.69801893612622, 38.1849951383155 ], [ -5.69473047156901, 38.186521302196503 ], [ -5.69401355219188, 38.185654792564897 ], [ -5.69401514131161, 38.184447598072303 ], [ -5.69456229347307, 38.183506753802497 ], [ -5.69555814693244, 38.182961301645001 ], [ -5.69820585757052, 38.182945529916097 ], [ -5.69879067070196, 38.182706811925698 ], [ -5.69906026589851, 38.181970800643398 ], [ -5.69895295854456, 38.180919094901299 ], [ -5.6984394186461, 38.1799938291459 ], [ -5.69786864169096, 38.1796737325229 ], [ -5.6960896594248, 38.180029980035201 ], [ -5.69276757182484, 38.181259575528699 ], [ -5.69044238511981, 38.181664311968397 ], [ -5.68861239202024, 38.181877451957298 ], [ -5.68846832111328, 38.181607066392097 ], [ -5.6876927695959, 38.180150528768898 ], [ -5.68749076094638, 38.179623549655297 ], [ -5.68883695826488, 38.171222171802299 ], [ -5.68814594270728, 38.169814196711698 ], [ -5.68766156212293, 38.1668791129228 ], [ -5.68751976215704, 38.166747205903299 ], [ -5.68715534978222, 38.166458211837103 ], [ -5.6867127525367, 38.164972638270697 ], [ -5.68435096487377, 38.161566577056298 ], [ -5.68397359879258, 38.159989430658001 ], [ -5.68406162919884, 38.157977680251001 ], [ -5.6840752207091, 38.157861468595897 ], [ -5.68407916431319, 38.157842817273 ], [ -5.68424291730802, 38.157063935042899 ], [ -5.68498380463524, 38.1579750307152 ], [ -5.68566128258147, 38.159022760984499 ], [ -5.68614275352263, 38.1615706532274 ], [ -5.69388438253888, 38.168196095717299 ], [ -5.69394244784219, 38.168537048949801 ], [ -5.69417106998032, 38.169162622578199 ], [ -5.6950067574178, 38.1710896511618 ], [ -5.69573548245435, 38.171352231008001 ], [ -5.69623293622103, 38.171223669001797 ], [ -5.70199773082643, 38.167234687054801 ], [ -5.70285063627294, 38.167151974921502 ], [ -5.70389430705487, 38.167290116816197 ], [ -5.70417303991448, 38.167511378488598 ], [ -5.70443516022955, 38.167719156278302 ], [ -5.70511627275944, 38.169163117656701 ], [ -5.70578632882482, 38.169381936395702 ], [ -5.70601721920902, 38.1688359978343 ], [ -5.7060915368325, 38.168068413083901 ], [ -5.70486765412308, 38.165835056603797 ], [ -5.70556180300439, 38.163620554181598 ], [ -5.69988688753811, 38.156425901072701 ], [ -5.69879999431631, 38.155730087027301 ], [ -5.69854603429727, 38.155515728354302 ], [ -5.69825830391176, 38.155273984089497 ], [ -5.69494288540445, 38.151385629795001 ], [ -5.69471065832709, 38.150345782331698 ], [ -5.70441352520425, 38.143355989487098 ], [ -5.70897009473565, 38.142241793502698 ], [ -5.7154123026086, 38.133830650616702 ], [ -5.71679554914432, 38.135141141195803 ], [ -5.71784804856889, 38.135837627872597 ], [ -5.71869647142212, 38.136259491398 ], [ -5.71978128863733, 38.136594771892298 ], [ -5.72136025831052, 38.136720371585099 ], [ -5.72213429526836, 38.136675412428303 ], [ -5.72359189536014, 38.136299200330797 ], [ -5.72455135357577, 38.136637636851503 ], [ -5.72828456864024, 38.136406761970797 ], [ -5.73079754546046, 38.137105186665103 ], [ -5.73600259442242, 38.1353531263047 ], [ -5.7388167826456, 38.132818696031201 ], [ -5.74015180761686, 38.130084471064301 ], [ -5.73959001471291, 38.128178404004998 ], [ -5.74033636020379, 38.127395113520897 ], [ -5.74073776610031, 38.126538780760498 ], [ -5.73839701069312, 38.123115353447503 ], [ -5.73826784014179, 38.119352096423803 ], [ -5.7355330090908, 38.115748654728002 ], [ -5.73410187785883, 38.109483894878601 ], [ -5.73483405332443, 38.104961713374799 ], [ -5.73470767114372, 38.103703253149597 ], [ -5.73431043702342, 38.101613110779503 ], [ -5.73406894472221, 38.098194828572801 ], [ -5.73605250032804, 38.094517483637702 ], [ -5.73490068675893, 38.0862548519219 ], [ -5.73289572250327, 38.087517919192102 ], [ -5.72925044891185, 38.086674636142298 ], [ -5.72648531948296, 38.086179667151498 ], [ -5.72541730435683, 38.085988774866699 ], [ -5.71956922514483, 38.085070125643099 ], [ -5.71606852102532, 38.083195873190299 ], [ -5.71203277223777, 38.082261970942099 ], [ -5.71042616769147, 38.081046639652001 ], [ -5.70953069108364, 38.081184412828001 ], [ -5.70744987578033, 38.081944198136497 ], [ -5.70194694457186, 38.0820258387484 ], [ -5.6948498361107, 38.083396249005197 ], [ -5.69363128041094, 38.083739581144499 ], [ -5.68459281650106, 38.090947476933501 ], [ -5.68096789693734, 38.0931476954338 ], [ -5.67799053064114, 38.095288014054802 ], [ -5.67218012497552, 38.099790353072102 ], [ -5.66935576961996, 38.101764771101401 ], [ -5.66703342787945, 38.1090798406495 ], [ -5.66051247009545, 38.113534679243898 ], [ -5.65418709800666, 38.118687545989502 ], [ -5.64595841771473, 38.1251714931471 ], [ -5.64559565824007, 38.125864425033001 ], [ -5.64478007420034, 38.1282345093231 ], [ -5.64425897408043, 38.129282424399896 ], [ -5.64314676363896, 38.1303887097786 ], [ -5.64131248288054, 38.132033824494897 ], [ -5.63965109906821, 38.133413724144098 ], [ -5.6371620309093, 38.135253707797297 ], [ -5.63343209110235, 38.138121597355401 ], [ -5.63250082920688, 38.138556972316898 ], [ -5.6293705992937, 38.137482789343103 ], [ -5.62075548263115, 38.1367923552137 ], [ -5.61356556742135, 38.135114474318897 ], [ -5.60982078744592, 38.134711222555303 ], [ -5.60709310249304, 38.134357311408301 ], [ -5.60546987731734, 38.133942822843998 ], [ -5.60108624785116, 38.133526405757998 ], [ -5.59309287046813, 38.132658027448102 ], [ -5.58831253868427, 38.131997630019903 ], [ -5.58478871103104, 38.1317058399827 ], [ -5.5856413649493, 38.140355023332098 ], [ -5.57585982451787, 38.149643489486898 ], [ -5.57303637915568, 38.150471261573301 ], [ -5.56732320803474, 38.147965268300901 ], [ -5.56194380865252, 38.150749858273301 ], [ -5.5600988199759, 38.1485645090712 ], [ -5.55298887189439, 38.154413908955199 ], [ -5.55068096787716, 38.160555120172397 ], [ -5.53967295938495, 38.1606855967797 ], [ -5.53578453250738, 38.168680837520199 ], [ -5.54041771395947, 38.169977310387601 ], [ -5.53959000895163, 38.1717792536056 ], [ -5.54213031431938, 38.176562903497299 ], [ -5.53997603658877, 38.176978966165898 ], [ -5.53998968289624, 38.180988312773401 ], [ -5.54234367318253, 38.181387862800101 ], [ -5.54370849976337, 38.184854358119502 ], [ -5.54033542558448, 38.185026493061898 ], [ -5.53673712669588, 38.191871148543903 ], [ -5.53923713364004, 38.193177664183899 ], [ -5.53729831862695, 38.196526424789198 ], [ -5.53870735130289, 38.200604705260297 ], [ -5.53051175686118, 38.203322622789997 ], [ -5.52922836076423, 38.201872596027599 ], [ -5.52676582883882, 38.205286483007299 ], [ -5.52309946100789, 38.205924005245798 ], [ -5.52037724230348, 38.208442323135401 ], [ -5.52326069602495, 38.212245831673499 ], [ -5.52222235135435, 38.213926071629601 ], [ -5.52433835636229, 38.222611698293903 ], [ -5.5221355633181, 38.232246103047999 ], [ -5.52378432400406, 38.249204230404501 ], [ -5.53003621300428, 38.255187668536998 ], [ -5.52595780771548, 38.264123687512097 ], [ -5.53179469481734, 38.269962715091502 ], [ -5.53756963769052, 38.2730095982267 ], [ -5.53745300133232, 38.279508542768397 ], [ -5.54110536352967, 38.278041884528001 ], [ -5.54439852717413, 38.282331485260897 ], [ -5.54171205512985, 38.285930795019702 ], [ -5.54433975220173, 38.2885048275324 ], [ -5.54697957383497, 38.297628993345299 ], [ -5.55257020756467, 38.303490253363499 ], [ -5.55044662706394, 38.306518857979903 ], [ -5.55123191003081, 38.310979874306597 ], [ -5.55552866522246, 38.317734104561701 ], [ -5.56768265811589, 38.3234784312261 ], [ -5.57564801255366, 38.329106280631102 ], [ -5.57321633416499, 38.331502335554603 ], [ -5.57152589793806, 38.337396022394799 ], [ -5.57230334849394, 38.341911093700197 ], [ -5.56727042482525, 38.351328902649698 ], [ -5.56870534694771, 38.356640478424502 ], [ -5.56691146612255, 38.362545400264203 ], [ -5.56090777534715, 38.364613904237899 ], [ -5.55924833459077, 38.366884651586403 ], [ -5.56152682507067, 38.367889094061702 ], [ -5.56467036891466, 38.366486847763298 ], [ -5.56618497878938, 38.367570944480001 ], [ -5.56315965772832, 38.371998043916101 ], [ -5.56677702874873, 38.377198850399999 ], [ -5.57169025549907, 38.377604730510498 ], [ -5.57737141515487, 38.3822282633393 ], [ -5.57998626901311, 38.3810805072306 ], [ -5.58506642969271, 38.385843021922703 ], [ -5.58427721030828, 38.400970363197899 ], [ -5.57336882228615, 38.421393033792803 ], [ -5.57278689364509, 38.427586707746897 ], [ -5.56892107826153, 38.432591030182898 ], [ -5.56130134074783, 38.436091611570099 ], [ -5.55279360869437, 38.445620716544099 ], [ -5.5490283507237, 38.446711887964703 ], [ -5.54642837206822, 38.449994073276798 ], [ -5.54208928736205, 38.450088288870603 ], [ -5.5308683889273, 38.454566060723302 ], [ -5.51921564428432, 38.463466999074001 ], [ -5.51251686409153, 38.463944258483799 ], [ -5.50393364480807, 38.456658629805403 ], [ -5.49938542601556, 38.459341674072903 ], [ -5.49483790341736, 38.458726837451003 ], [ -5.49113932649193, 38.4664641986883 ], [ -5.48668141713156, 38.4658020850895 ], [ -5.48445557960539, 38.463389529582997 ], [ -5.48020930613943, 38.474246708948499 ], [ -5.48124977532567, 38.477513437357103 ], [ -5.4794894591528, 38.484677750945302 ], [ -5.47424815777923, 38.485941911859399 ], [ -5.46889730775507, 38.485009632099 ], [ -5.45873568383873, 38.494296720114903 ], [ -5.45823539498902, 38.499479097038602 ], [ -5.45073715282089, 38.498131544808103 ], [ -5.44817938510233, 38.502843346676102 ], [ -5.44482139363707, 38.504922775681301 ], [ -5.43464409232239, 38.504386967331499 ], [ -5.42781045793742, 38.5146384075829 ], [ -5.41861802548283, 38.512729260323603 ], [ -5.4165334201873, 38.520349891463397 ], [ -5.41093120537698, 38.519843709962998 ], [ -5.40942959322614, 38.521244206421102 ], [ -5.41035065205664, 38.524099491341801 ], [ -5.41508692596737, 38.5254525474475 ], [ -5.4160259025945, 38.530208589317397 ], [ -5.40342687981775, 38.536279562214602 ], [ -5.40693200724173, 38.543695068923803 ], [ -5.39764225580078, 38.546552790363002 ], [ -5.38910360553186, 38.539194758262099 ], [ -5.38510688674676, 38.539060044706503 ], [ -5.38316905449059, 38.540478045704802 ], [ -5.38365324193716, 38.543675849940797 ], [ -5.39175025705623, 38.5491331209262 ], [ -5.39272057680192, 38.553483239877799 ], [ -5.39155985194521, 38.554813472213397 ], [ -5.38357670547493, 38.555949422722797 ], [ -5.38372735115148, 38.557730388284199 ], [ -5.38980711845167, 38.562174588540202 ], [ -5.38601279638831, 38.566811175376799 ], [ -5.37568595971479, 38.5682647291408 ], [ -5.36948549567131, 38.578301644195498 ], [ -5.37174789462954, 38.583571852804603 ], [ -5.36862615020254, 38.584986612973601 ], [ -5.35657750903072, 38.585482164061702 ], [ -5.3459059079343, 38.583146695614602 ], [ -5.33573413754681, 38.578502596751797 ], [ -5.32888632325513, 38.578296680593603 ], [ -5.32381690642632, 38.580559888801503 ], [ -5.31210136235846, 38.577115721226001 ], [ -5.30851329707759, 38.5776190516018 ], [ -5.3059216386183, 38.5820040846057 ], [ -5.30687213434232, 38.586238246520203 ], [ -5.31091356587235, 38.590195133269901 ], [ -5.31022984643151, 38.593578463092697 ], [ -5.30063421683973, 38.5990475596262 ], [ -5.29223631460949, 38.6108075144884 ], [ -5.28709127490514, 38.612972092549903 ], [ -5.27928336459395, 38.612288104907002 ], [ -5.27335989067845, 38.615635873283097 ], [ -5.27063625622919, 38.621041407902503 ], [ -5.25420808909542, 38.626052904662103 ], [ -5.25399510482976, 38.633194764533201 ], [ -5.24500033317868, 38.632086525578003 ], [ -5.24745974974669, 38.6398445689128 ], [ -5.24198535352318, 38.637074678478001 ], [ -5.23754727177776, 38.637691860406697 ], [ -5.23563358533811, 38.643033266320103 ], [ -5.23145711366468, 38.644320939953097 ], [ -5.22942803323688, 38.647062704186901 ], [ -5.2223851237301, 38.648928302816302 ], [ -5.22393924061265, 38.656456237403198 ], [ -5.2195362057397, 38.656027372469303 ], [ -5.21723418299264, 38.649195059993801 ], [ -5.21474446265681, 38.648566424268203 ], [ -5.21166011958666, 38.651769919931098 ], [ -5.21232986573328, 38.655983653360003 ], [ -5.20801859196997, 38.667896789121698 ], [ -5.20415949418811, 38.666102734726302 ], [ -5.2015594840916, 38.657763603948702 ], [ -5.19942615237847, 38.656390288028597 ], [ -5.19774923579656, 38.656790607627102 ], [ -5.19687326071526, 38.660473182854901 ], [ -5.19852544757568, 38.6645165212176 ], [ -5.19765987857862, 38.667027460052303 ], [ -5.19485922167855, 38.666773146154597 ], [ -5.19032192190833, 38.660443888481701 ], [ -5.18497010170366, 38.659417691912402 ], [ -5.17907053105957, 38.665725222974899 ], [ -5.18740678370847, 38.670390085171803 ], [ -5.18576336889677, 38.6741713993123 ], [ -5.18277676163123, 38.676127728297502 ], [ -5.16800777564068, 38.677320345501897 ], [ -5.1673212327949, 38.680469731702097 ], [ -5.17344856319445, 38.688465342993403 ], [ -5.17548084342128, 38.700526790819097 ], [ -5.1813470317711, 38.706645862403299 ], [ -5.18031195157825, 38.712321922607501 ], [ -5.18450298134918, 38.719695251265001 ], [ -5.17143031465238, 38.717533414075 ], [ -5.16942059202063, 38.713065587897397 ], [ -5.16660671820781, 38.711667079262199 ], [ -5.16400995462274, 38.714030828170003 ], [ -5.1527621902728, 38.716328746347202 ], [ -5.14254297985517, 38.7138043311801 ], [ -5.11900117436068, 38.716143399618097 ], [ -5.10907053604997, 38.710484269844898 ], [ -5.0991895404385, 38.707652560840998 ], [ -5.09246564514698, 38.708953432901197 ], [ -5.08876650048625, 38.712245257369901 ], [ -5.08030170071684, 38.715405597314799 ], [ -5.06853798898345, 38.717461471493202 ], [ -5.06321654890339, 38.721186715583997 ], [ -5.06161600349368, 38.724323561393199 ], [ -5.05065252898167, 38.726273462584601 ], [ -5.04694846963806, 38.729086551931402 ], [ -5.0381360937189, 38.733502584539302 ], [ -5.02943182824755, 38.7332395450712 ], [ -5.01524612376086, 38.7356384715345 ], [ -5.00397846801559, 38.732984990005797 ], [ -4.98999381098106, 38.739756605279403 ], [ -4.98335711245924, 38.751456920300598 ], [ -4.97269119410532, 38.761098474483902 ], [ -4.96866855622934, 38.7751055503294 ], [ -4.96124158100598, 38.788448831190301 ], [ -4.96094533638821, 38.796545224525197 ], [ -4.95774228813978, 38.803618127241997 ], [ -4.95869794288849, 38.810341896365699 ], [ -4.95362574667221, 38.8299614650401 ], [ -4.9445206358531, 38.847134133402797 ], [ -4.94348491695808, 38.854377729473399 ], [ -4.93458425820604, 38.864833421133099 ], [ -4.92797996101819, 38.8699344254644 ], [ -4.92425782757104, 38.876798680491298 ], [ -4.91876975809061, 38.880610335486601 ], [ -4.91494155965958, 38.887439994195397 ], [ -4.90032062321436, 38.889075494297401 ], [ -4.89029294798836, 38.8865621891077 ], [ -4.87953649203021, 38.887862144783803 ], [ -4.87660796803431, 38.886539642110399 ], [ -4.86572793174086, 38.8870924844502 ], [ -4.85014781915104, 38.881573661697402 ], [ -4.84732183065829, 38.8824023032561 ], [ -4.84265123527293, 38.895271008269098 ], [ -4.84617255213493, 38.8999008058586 ], [ -4.84417416264883, 38.9024373268308 ], [ -4.84536272180461, 38.9046981758135 ], [ -4.84095566697078, 38.916670569116903 ], [ -4.84171334201402, 38.918316545323997 ], [ -4.83667738922619, 38.930559948082397 ], [ -4.83113173953268, 38.935611843169397 ], [ -4.83414898024774, 38.939880451018801 ], [ -4.84384799155569, 38.94017815814 ], [ -4.84301764909417, 38.945092953451798 ], [ -4.84525400948557, 38.945904587629798 ], [ -4.87219168390926, 38.948818441820002 ], [ -4.87660772279423, 38.947819427075999 ], [ -4.8911312863542, 38.952468573046701 ], [ -4.89037077173637, 38.9568508997829 ], [ -4.89362703618221, 38.959960714652397 ], [ -4.90507248020033, 38.963306486613298 ], [ -4.91341427635285, 38.960647081801902 ], [ -4.91822189087019, 38.9570451174162 ], [ -4.93366995470648, 38.975576587760003 ], [ -4.93686609401206, 38.98527262308 ], [ -4.93706686837638, 38.996874446864702 ], [ -4.94527921100824, 39.0087843914228 ], [ -4.94984608870753, 39.026638429143503 ], [ -4.96029994446727, 39.047961327298999 ], [ -4.96250445868353, 39.058727379968502 ], [ -4.94774574492825, 39.056163732337403 ], [ -4.93513348008591, 39.0564188288606 ], [ -4.91278317393314, 39.0478225418289 ], [ -4.90276713099175, 39.041003522586401 ], [ -4.879987107638, 39.032425837786498 ], [ -4.8750889833642, 39.031991116243802 ], [ -4.86740303192925, 39.034042639185799 ], [ -4.86098989982712, 39.0317844633867 ], [ -4.85262472861257, 39.038810539226702 ], [ -4.84917152560868, 39.045505934708402 ], [ -4.84254725258384, 39.047593034141897 ], [ -4.83870674543677, 39.0447523337509 ], [ -4.83279268856042, 39.046160955106302 ], [ -4.83228364383163, 39.0515030359185 ], [ -4.82581974344121, 39.062551931365199 ], [ -4.82693500366305, 39.064120279991201 ], [ -4.83663124905824, 39.071239207196101 ], [ -4.85841565790452, 39.0768317363896 ], [ -4.87370467951135, 39.096337319821799 ], [ -4.87440283757377, 39.100434746156601 ], [ -4.87062454055676, 39.112361814876003 ], [ -4.85687057178552, 39.123276863343101 ], [ -4.8560954945786, 39.131650661749397 ], [ -4.8581186973295, 39.134681871501101 ], [ -4.85368045658227, 39.141023600388003 ], [ -4.8550252525289, 39.147300312257201 ], [ -4.85316974278367, 39.152438561897 ], [ -4.84520972164373, 39.161358822302702 ], [ -4.83870198706071, 39.163894451239003 ], [ -4.83155810691598, 39.164232212166702 ], [ -4.83222132141216, 39.175079030040102 ], [ -4.82124741296813, 39.180909438481599 ], [ -4.81319517527272, 39.191027340107297 ], [ -4.80917929901589, 39.1978744137812 ], [ -4.81027261878523, 39.199416221837502 ], [ -4.77363976257165, 39.189500920259803 ], [ -4.74254882804315, 39.1945203425065 ], [ -4.71440633046546, 39.187621519894797 ], [ -4.6765468471893, 39.169593198538998 ], [ -4.67526405206524, 39.170656810712401 ], [ -4.65552625426952, 39.165136185852099 ], [ -4.64896983009978, 39.164904750260099 ], [ -4.64789286056692, 39.166866234159301 ], [ -4.64775957393494, 39.169589219744601 ], [ -4.65029091231953, 39.172905235175698 ], [ -4.66340607651582, 39.179296347838502 ], [ -4.6633366322528, 39.184216970404201 ], [ -4.66516446670075, 39.186119085406098 ], [ -4.67235897769153, 39.187295541492801 ], [ -4.67774477038359, 39.191768285172998 ], [ -4.68260148142447, 39.1929597016345 ], [ -4.68794951612853, 39.2030729865916 ], [ -4.6999183141396, 39.208133877625002 ], [ -4.70822933221383, 39.209868430664102 ], [ -4.70516116780198, 39.213742713104601 ], [ -4.71091732241097, 39.227101553418301 ], [ -4.71444709511475, 39.242204752342097 ], [ -4.71354836570726, 39.244317336570298 ], [ -4.73368091108662, 39.252542961917001 ], [ -4.73157220938191, 39.254916962377102 ], [ -4.75463103835885, 39.311488232496899 ], [ -4.76101127325696, 39.320789269226502 ], [ -4.73477767499676, 39.326643297251501 ], [ -4.71379463255419, 39.328666021851902 ], [ -4.70666026646664, 39.327725693413797 ], [ -4.70598720733326, 39.330582709705602 ], [ -4.71004600689101, 39.345750100345597 ], [ -4.70421089036856, 39.3644502863634 ], [ -4.69427578922754, 39.373596336464999 ], [ -4.69544697676234, 39.376426371328499 ], [ -4.69315351855317, 39.3824063804486 ], [ -4.68789429309476, 39.385789416582398 ], [ -4.68741108750678, 39.393680141474803 ], [ -4.68276421393313, 39.401324839177803 ], [ -4.6721644690763, 39.412640971377002 ], [ -4.669498072582, 39.4245363429295 ], [ -4.67327629144559, 39.427076898781799 ], [ -4.67785471069963, 39.435354183904401 ], [ -4.6818401196953, 39.436810288655302 ], [ -4.68607827418773, 39.441028660663399 ], [ -4.68769636279662, 39.450294409616099 ], [ -4.69027759091715, 39.451788617371903 ], [ -4.71269642505137, 39.435693414174501 ], [ -4.73784222728289, 39.423634624123402 ], [ -4.74140285172678, 39.423869714470101 ], [ -4.75537096359037, 39.415713051330002 ], [ -4.76472205379552, 39.404219127885199 ], [ -4.77461303777466, 39.397194140639598 ], [ -4.78840502863862, 39.398866004447797 ], [ -4.79594869142412, 39.396875719433098 ], [ -4.8104331818625, 39.396570125451902 ], [ -4.8162942614933, 39.393316314432198 ], [ -4.82113515230369, 39.393267650638997 ], [ -4.83201907560741, 39.389411728900903 ], [ -4.84554429108647, 39.379206070827799 ], [ -4.84989489039795, 39.381731774629003 ], [ -4.85318087201171, 39.379111712773302 ], [ -4.85582407849698, 39.378970414662199 ], [ -4.8568183670911, 39.381008787127101 ], [ -4.86070882505954, 39.379739338539203 ], [ -4.86338077493896, 39.375002418024302 ], [ -4.86817431285579, 39.374970621116802 ], [ -4.87093358437067, 39.368313101946697 ], [ -4.87815659171891, 39.372323187162898 ], [ -4.88214182644142, 39.372889454600902 ], [ -4.88756902967144, 39.370531048067399 ], [ -4.90200106748038, 39.3745035840547 ], [ -4.90342492595181, 39.379057281385201 ], [ -4.91028823079228, 39.378710492244402 ], [ -4.92149909774024, 39.387463574745503 ], [ -4.93208948574507, 39.387936869415597 ], [ -4.93439440645727, 39.395719042324103 ], [ -4.94074114767001, 39.395117774214803 ], [ -4.94909221084302, 39.393104099280102 ], [ -4.95251223367358, 39.394992868220797 ] ] ] } },
{ "type": "Feature", "properties": { "shapeName": "Cáceres" }, "geometry": { "type": "Polygon", "coordinates": [ [ [ -5.73756016442892, 40.294122980512299 ], [ -5.74438185481385, 40.288862990482002 ], [ -5.75790679990003, 40.282452145520701 ], [ -5.76498946884131, 40.280778780843299 ], [ -5.79314268062542, 40.286704651530897 ], [ -5.80273367670697, 40.297632864140901 ], [ -5.79330130244333, 40.300257064135799 ], [ -5.78932359739956, 40.3065141768434 ], [ -5.78199058325993, 40.312455617227798 ], [ -5.79495763413049, 40.351226115726298 ], [ -5.79933585304372, 40.353750391431902 ], [ -5.80702418231922, 40.3503482521268 ], [ -5.81648617134281, 40.351108967407697 ], [ -5.82171882553345, 40.348414211684897 ], [ -5.82831450248785, 40.341164193440598 ], [ -5.84712674089352, 40.328047081803199 ], [ -5.85367388366974, 40.331479546351801 ], [ -5.84993168275747, 40.338201283094897 ], [ -5.85230773117555, 40.337043806451597 ], [ -5.85497696544785, 40.338374047551603 ], [ -5.8577975766253, 40.334368121103303 ], [ -5.86762961854535, 40.331404461711401 ], [ -5.87406553282143, 40.326641870426499 ], [ -5.88504778391947, 40.326134137111197 ], [ -5.89345932616897, 40.318628025809403 ], [ -5.89219833405519, 40.312246349629298 ], [ -5.89612551335585, 40.305302430057502 ], [ -5.90780212354094, 40.2903544521836 ], [ -5.91397788301578, 40.287082441234197 ], [ -5.91717313748079, 40.277697306164399 ], [ -5.92083925019021, 40.280901441895402 ], [ -5.937782024421, 40.281066646694903 ], [ -5.94166725599112, 40.284417728066103 ], [ -5.9649465746579, 40.291488260807498 ], [ -5.96848496130695, 40.289560013341401 ], [ -5.97564192361715, 40.293168082735498 ], [ -5.9788794213584, 40.296975868642797 ], [ -5.99214443622217, 40.299011222149197 ], [ -6.00531967704971, 40.305370806145397 ], [ -6.01026439603896, 40.312330815306197 ], [ -6.01642820971716, 40.316520582094 ], [ -6.0195841988211, 40.322644129117201 ], [ -6.01601637617683, 40.340292186647801 ], [ -6.02768257129455, 40.339527770358998 ], [ -6.0366072411158, 40.342202934088299 ], [ -6.04566929837828, 40.342946223680499 ], [ -6.05216295905578, 40.341549927108403 ], [ -6.06772493645663, 40.347532882834699 ], [ -6.10571519557354, 40.356794984125699 ], [ -6.10301764370854, 40.358560830692802 ], [ -6.09728862450934, 40.356354715093502 ], [ -6.09245942257742, 40.361717081427997 ], [ -6.08557906411961, 40.360856251267897 ], [ -6.08237785292595, 40.363211479134698 ], [ -6.08126231692129, 40.373094896553397 ], [ -6.08636834908105, 40.375048200600297 ], [ -6.08632794914779, 40.378030549520098 ], [ -6.08362272926353, 40.380174416402298 ], [ -6.07629926870697, 40.381261359181302 ], [ -6.07215535736933, 40.387001024725301 ], [ -6.08216211442562, 40.387914367718402 ], [ -6.08516570793487, 40.390491209066198 ], [ -6.08335652520716, 40.3924039925217 ], [ -6.07666868559621, 40.390663860765898 ], [ -6.07419235464968, 40.395782668078901 ], [ -6.06957365134505, 40.396283787586398 ], [ -6.06662954427389, 40.395010955666599 ], [ -6.06495833289237, 40.396604483259097 ], [ -6.06815574511068, 40.3993028032029 ], [ -6.07389101927923, 40.400807617304203 ], [ -6.07515211829253, 40.4034040809548 ], [ -6.08294292827393, 40.402953210945 ], [ -6.08578874707657, 40.4077319688476 ], [ -6.08773117511376, 40.408724836533402 ], [ -6.09188175913734, 40.408019319425101 ], [ -6.09302823761195, 40.411438300419299 ], [ -6.09789037357883, 40.413397593489499 ], [ -6.10416410242022, 40.415039563579697 ], [ -6.10709787886559, 40.414005904726899 ], [ -6.11632337650921, 40.414748108489803 ], [ -6.11887840256953, 40.419290681058797 ], [ -6.12948326512852, 40.420787156203303 ], [ -6.12417059170733, 40.430505287224896 ], [ -6.11929025587279, 40.435077581425098 ], [ -6.11704834209631, 40.435282236227103 ], [ -6.11612557017858, 40.441584903223202 ], [ -6.1201844272285, 40.442682243103299 ], [ -6.13230507196364, 40.436886960857599 ], [ -6.14701560727359, 40.436117720353103 ], [ -6.15593372298653, 40.447844379894597 ], [ -6.15246419489895, 40.452559603357699 ], [ -6.15449052558367, 40.454539784744803 ], [ -6.15772911837126, 40.456973195955499 ], [ -6.169220832813, 40.458126376910201 ], [ -6.18043781010155, 40.462195233349902 ], [ -6.18620000228756, 40.465846217152297 ], [ -6.18772123274588, 40.471325296525102 ], [ -6.1912396983552, 40.472155796426797 ], [ -6.19909442077413, 40.481836766302301 ], [ -6.21320081030943, 40.482804978440903 ], [ -6.23463944772137, 40.486610426355902 ], [ -6.24096325135166, 40.485163139045603 ], [ -6.25502196819313, 40.469996664753999 ], [ -6.26376753281136, 40.4715961042968 ], [ -6.26844258833212, 40.467563950129197 ], [ -6.27100717516201, 40.460880496597397 ], [ -6.27532583846685, 40.4585153691242 ], [ -6.28783714973924, 40.457565328649601 ], [ -6.29442564466292, 40.451964515894097 ], [ -6.32236422736607, 40.450452294193703 ], [ -6.32530695552326, 40.447728719641901 ], [ -6.33406453151514, 40.447692254856896 ], [ -6.34464305277504, 40.442774934691499 ], [ -6.34593865158683, 40.437054349210598 ], [ -6.36555060080115, 40.4223711107527 ], [ -6.36580524353977, 40.417320116144502 ], [ -6.36145391659292, 40.415366359607397 ], [ -6.36300202464456, 40.4116736730141 ], [ -6.36186616695153, 40.407086401330801 ], [ -6.36437746212551, 40.406859067166998 ], [ -6.37173941459367, 40.401870865014999 ], [ -6.37630876086338, 40.40018820697 ], [ -6.38353237187947, 40.400697297592799 ], [ -6.39215106473517, 40.398958321495599 ], [ -6.40320155006558, 40.4020015588478 ], [ -6.4081490601204, 40.401990710003801 ], [ -6.41916873682985, 40.399287238362497 ], [ -6.42469940082779, 40.3915038995044 ], [ -6.43998932973305, 40.381574632065004 ], [ -6.44146780038387, 40.378000125805997 ], [ -6.43860638413296, 40.372813301046797 ], [ -6.44888624969687, 40.370854204493 ], [ -6.46754317657643, 40.372321949612797 ], [ -6.47471885618392, 40.370115821693098 ], [ -6.48584511800182, 40.363241950594301 ], [ -6.49343470625789, 40.362012891503497 ], [ -6.53628366438743, 40.347244337588002 ], [ -6.56040986350008, 40.329049005668601 ], [ -6.56474494441503, 40.3146134282105 ], [ -6.55673668913424, 40.306403478063501 ], [ -6.55601965656941, 40.304174000187203 ], [ -6.5595907356066, 40.295796277266902 ], [ -6.55617503546917, 40.290776888294403 ], [ -6.56842597544635, 40.283104084995998 ], [ -6.57133683766546, 40.279204504008902 ], [ -6.58308458813289, 40.274760981942997 ], [ -6.58702152134087, 40.270721065389502 ], [ -6.59741698840377, 40.271640738662001 ], [ -6.61480341180732, 40.266063591319799 ], [ -6.6252349597036, 40.2665653110015 ], [ -6.63459662757124, 40.264650062808897 ], [ -6.63995172662668, 40.268921495321699 ], [ -6.67175266170799, 40.263232079926702 ], [ -6.67772319476797, 40.257998755321204 ], [ -6.67776448672831, 40.250954687089902 ], [ -6.68845890593123, 40.246597100696803 ], [ -6.69013718256249, 40.242661899840201 ], [ -6.70321983942357, 40.251096320338704 ], [ -6.70971222808657, 40.260200246920299 ], [ -6.71152610540995, 40.266923565453801 ], [ -6.71822515779231, 40.269238899479099 ], [ -6.72673917176457, 40.264992930346303 ], [ -6.73522077092813, 40.257190084725003 ], [ -6.74143042024537, 40.256178610399402 ], [ -6.75144506630651, 40.250216187952802 ], [ -6.75555175595038, 40.2462642698951 ], [ -6.75560381332107, 40.238922715691103 ], [ -6.77809994209562, 40.245520272626997 ], [ -6.7834986139339, 40.249387297010102 ], [ -6.8021613367437, 40.249558238651701 ], [ -6.80013002939232, 40.242042110601098 ], [ -6.80669385927326, 40.241519863390401 ], [ -6.81056827782229, 40.244382113922001 ], [ -6.82122030193369, 40.244660845132998 ], [ -6.82337869484664, 40.246048399395903 ], [ -6.82271324713867, 40.248213775555001 ], [ -6.8321816609132, 40.247503985480797 ], [ -6.83719120592663, 40.2485895465 ], [ -6.83993847505103, 40.255594907021802 ], [ -6.84680764948356, 40.254429803787701 ], [ -6.86543409562721, 40.270628605109799 ], [ -6.86819829889302, 40.265087626109498 ], [ -6.87583479088508, 40.260680059211303 ], [ -6.88538034389134, 40.258630387106301 ], [ -6.8948428584294, 40.2598518037221 ], [ -6.90818280446596, 40.254916509993997 ], [ -6.919242882007, 40.256325072764099 ], [ -6.92592077906437, 40.2587821015277 ], [ -6.9338604578547, 40.2578546891272 ], [ -6.93656348045977, 40.259059460644501 ], [ -6.94325826045463, 40.257345247945302 ], [ -6.95089259648999, 40.2582462308605 ], [ -6.9549261506933, 40.249003470187397 ], [ -6.96490670299447, 40.237575480077403 ], [ -6.972562215016, 40.236664194122497 ], [ -6.97590698956846, 40.240601738365797 ], [ -6.98080775668582, 40.2404060161684 ], [ -6.98967711633673, 40.236353831471298 ], [ -6.99770179731248, 40.235932432391799 ], [ -7.01251289273027, 40.226476589348202 ], [ -7.01177250127312, 40.221702276129797 ], [ -7.01941790455275, 40.204389033656597 ], [ -7.01934896604123, 40.197069823723702 ], [ -7.02669478566518, 40.192014178920999 ], [ -7.02917648404553, 40.185542693562503 ], [ -7.01599351770655, 40.1780494299271 ], [ -7.01706509824603, 40.171942379707701 ], [ -7.02015521658512, 40.169205324121499 ], [ -7.01360252761035, 40.159022440337402 ], [ -7.01457596361178, 40.154035530685 ], [ -7.01325001072657, 40.151055622178902 ], [ -7.01999506942787, 40.1450396602593 ], [ -7.01464548782487, 40.142082526847801 ], [ -7.01177232250836, 40.134545420913398 ], [ -7.01268257999586, 40.1322713987472 ], [ -7.00903769986653, 40.131344164593202 ], [ -7.01224672999643, 40.126865088371602 ], [ -7.00668553046533, 40.125265800401202 ], [ -7.00602488964246, 40.123208365586301 ], [ -7.00304837315252, 40.123662677613503 ], [ -7.00259744133776, 40.121778062878903 ], [ -6.99861299803103, 40.121249492594998 ], [ -6.99874617237359, 40.118921379664798 ], [ -6.99367517810315, 40.1186643584116 ], [ -6.99378408894989, 40.112716810185503 ], [ -6.99025220700182, 40.1134961337455 ], [ -6.98927127186439, 40.117978842061497 ], [ -6.98628901513976, 40.119135348972797 ], [ -6.9837738131926, 40.117447909311302 ], [ -6.97968334173289, 40.118912562667902 ], [ -6.97556669516242, 40.116514564289503 ], [ -6.96864207850719, 40.115644689858499 ], [ -6.96789758085087, 40.113535839145698 ], [ -6.96333518125327, 40.114754993527598 ], [ -6.96294407094822, 40.110247504256201 ], [ -6.96099341524139, 40.109377729668601 ], [ -6.95340153717961, 40.114176445252198 ], [ -6.94892885771932, 40.111078146257803 ], [ -6.9419828009732, 40.112864154207102 ], [ -6.94198303902676, 40.108000966499198 ], [ -6.94409481476634, 40.106794237667899 ], [ -6.9441637784307, 40.104540425644302 ], [ -6.93433296989751, 40.103074102965799 ], [ -6.93297471269634, 40.096401909214698 ], [ -6.92270398928708, 40.087465680679102 ], [ -6.91893545965214, 40.0808507559113 ], [ -6.91680498458159, 40.065585779274301 ], [ -6.91523152517433, 40.064720451871999 ], [ -6.90932732640989, 40.066622273684899 ], [ -6.90543261402027, 40.061854570367402 ], [ -6.89249017339523, 40.0601654350099 ], [ -6.8931087020959, 40.056623262493403 ], [ -6.8969592371365, 40.0520086070931 ], [ -6.88794854554195, 40.047709742547198 ], [ -6.88094506219468, 40.041181416782997 ], [ -6.88200763353017, 40.033688723926502 ], [ -6.87483302471452, 40.023689346747098 ], [ -6.87682252177762, 40.017867839728297 ], [ -6.86737748216679, 40.0153109785944 ], [ -6.86408842651813, 40.012448874087703 ], [ -6.8664851218147, 40.008847407120797 ], [ -6.87479882944491, 40.006549302904602 ], [ -6.87440761224037, 39.995088668780099 ], [ -6.88597421832903, 39.980399063397897 ], [ -6.88563782261133, 39.9775644477063 ], [ -6.88009157913144, 39.9718245036578 ], [ -6.88901192805615, 39.963176414456903 ], [ -6.88572142162831, 39.953650396925397 ], [ -6.88610750585934, 39.940434434809099 ], [ -6.89196084560564, 39.937193688329401 ], [ -6.89415632905834, 39.932382618869099 ], [ -6.90226977526228, 39.9306413677945 ], [ -6.90311837867689, 39.927667751314999 ], [ -6.90729876610668, 39.924455643161103 ], [ -6.90514650509385, 39.9209618287735 ], [ -6.90927739804641, 39.919147301191003 ], [ -6.90140194700229, 39.912496263305897 ], [ -6.90081037764158, 39.910111555482999 ], [ -6.90338659585779, 39.905233455591997 ], [ -6.90044579638354, 39.900604324018502 ], [ -6.90556698491877, 39.894838870877201 ], [ -6.90721541951628, 39.889901897640698 ], [ -6.90324574990271, 39.8867035176063 ], [ -6.90489008189431, 39.877578838156197 ], [ -6.9038672538236, 39.871300013182399 ], [ -6.907860639859, 39.868967819871301 ], [ -6.90958519230377, 39.864352481899203 ], [ -6.91452439833213, 39.859142189371703 ], [ -6.92451965335955, 39.857753023456901 ], [ -6.92888036500619, 39.854921354276399 ], [ -6.9365033148953, 39.843350830439903 ], [ -6.9349534317727, 39.8387203217437 ], [ -6.94089717257931, 39.833979147676402 ], [ -6.94528630512491, 39.8347393716817 ], [ -6.94866689999934, 39.8276894659014 ], [ -6.95763877718706, 39.824456307615698 ], [ -6.96602398622234, 39.826466120228503 ], [ -6.97035277084547, 39.825372183423603 ], [ -6.97602000122448, 39.819341896401298 ], [ -6.98108848919525, 39.820347621038898 ], [ -6.98402580859611, 39.810754271994298 ], [ -6.98690716564972, 39.810096772655498 ], [ -6.98791524428178, 39.800677811205297 ], [ -6.98644265579943, 39.798431911867802 ], [ -6.9894958964995, 39.794499243051099 ], [ -6.98397877460448, 39.790951558484998 ], [ -6.98213524030029, 39.782477193462199 ], [ -6.97804306563482, 39.7791233409611 ], [ -6.97671580659916, 39.772702521695301 ], [ -6.98337570411319, 39.768583185560999 ], [ -6.98601986640591, 39.764655664539397 ], [ -6.98765167408584, 39.760177553385397 ], [ -6.98632991184138, 39.754666316909798 ], [ -6.98943421188387, 39.751848634713298 ], [ -6.99266438566063, 39.740515866583799 ], [ -6.99072099283286, 39.735953677131398 ], [ -6.99295559881449, 39.732031108446698 ], [ -6.98686409502508, 39.727737696846702 ], [ -6.99352579455963, 39.721510367150898 ], [ -6.99490599490823, 39.717139906470003 ], [ -6.99935425815908, 39.714203682068899 ], [ -7.00024395141309, 39.709021489027002 ], [ -7.00493895582136, 39.701699581320703 ], [ -7.00340178026676, 39.697096583828902 ], [ -7.00653278901929, 39.692377331579003 ], [ -7.00766817060519, 39.684403733473999 ], [ -7.01422456602885, 39.678268973354498 ], [ -7.01534112162134, 39.670791280007698 ], [ -7.03517667947616, 39.666401286711597 ], [ -7.05161280658168, 39.660514654722597 ], [ -7.0680689876776, 39.657596938960701 ], [ -7.08908109151794, 39.663396247658099 ], [ -7.12617128902581, 39.6639916681765 ], [ -7.14525033425739, 39.653152642151703 ], [ -7.14930125199684, 39.652899729039198 ], [ -7.20154631760534, 39.6623837977044 ], [ -7.21642187253465, 39.660402972058201 ], [ -7.250138996762, 39.667196007591699 ], [ -7.28650942723331, 39.661588477920297 ], [ -7.29314691178103, 39.655696508248703 ], [ -7.31668934519789, 39.650031487466002 ], [ -7.33284086985172, 39.641171054151101 ], [ -7.3747275697169, 39.651323318232997 ], [ -7.39023899801839, 39.650493921793803 ], [ -7.40230719551396, 39.646632313309397 ], [ -7.42904626410643, 39.652719170608599 ], [ -7.43764365161854, 39.658351882514502 ], [ -7.4528347514695, 39.663217510479498 ], [ -7.47711752963117, 39.663768157620403 ], [ -7.49190961220596, 39.666734974642601 ], [ -7.49891112734446, 39.665995232024301 ], [ -7.5312017601383, 39.667817296348403 ], [ -7.53950666158376, 39.666880037299002 ], [ -7.54502824091926, 39.6634849065655 ], [ -7.53881819454667, 39.660999670771197 ], [ -7.53491526526713, 39.662070947777998 ], [ -7.53444739661602, 39.6590185779243 ], [ -7.53032709929222, 39.656766289926999 ], [ -7.52854157190091, 39.651018800391597 ], [ -7.52927739632318, 39.646415537030897 ], [ -7.5255548316847, 39.641500018887299 ], [ -7.52813915450139, 39.635951106166303 ], [ -7.52762034957704, 39.633179808846997 ], [ -7.52047634815976, 39.624714628242202 ], [ -7.50982854523185, 39.618204316602899 ], [ -7.50738359782812, 39.606025476683399 ], [ -7.50331480630946, 39.600375171222097 ], [ -7.50003016318547, 39.599269054600001 ], [ -7.49951983835741, 39.590139637804498 ], [ -7.49589355964266, 39.586444129958998 ], [ -7.48768786005233, 39.586617806861497 ], [ -7.47901633817306, 39.579028410380602 ], [ -7.46989466062348, 39.577975472127598 ], [ -7.46480461847579, 39.5737409971509 ], [ -7.4608816792233, 39.572631168279202 ], [ -7.45953774386269, 39.5667394352717 ], [ -7.45147582053188, 39.561312741720798 ], [ -7.44820498451381, 39.552378910204801 ], [ -7.44509974573185, 39.551480356318301 ], [ -7.44555283619824, 39.548013957536298 ], [ -7.42974522616102, 39.534507331272401 ], [ -7.42586437836949, 39.532917377744603 ], [ -7.4212725984722, 39.534596365935997 ], [ -7.41836383202265, 39.531645334385097 ], [ -7.4097986032994, 39.532286404932599 ], [ -7.40593053943267, 39.531073533469304 ], [ -7.40047953174592, 39.533882896543403 ], [ -7.39112065314727, 39.529878919267396 ], [ -7.39213905611687, 39.527219787629598 ], [ -7.38906940139994, 39.5250125827353 ], [ -7.38822714009123, 39.520136487821702 ], [ -7.38991946727182, 39.5036376225436 ], [ -7.38676302990856, 39.5016947282 ], [ -7.38657946996002, 39.498594840710602 ], [ -7.38175622206182, 39.498975143844198 ], [ -7.378321661795, 39.4968533766653 ], [ -7.37784820652115, 39.4946829198527 ], [ -7.38127060270067, 39.4918071119628 ], [ -7.36394565191033, 39.487056580733302 ], [ -7.36179997734519, 39.482112189607903 ], [ -7.34711161604973, 39.487904386840199 ], [ -7.34712801659187, 39.484067478747001 ], [ -7.3438022575773, 39.478626568567698 ], [ -7.33811282533606, 39.479262555798201 ], [ -7.3316300378668, 39.476109577072101 ], [ -7.32458420075048, 39.475858947757096 ], [ -7.32060222601414, 39.474044037815403 ], [ -7.31944175987223, 39.470692138461203 ], [ -7.31334672390717, 39.466830203445802 ], [ -7.30895876456131, 39.4668940768806 ], [ -7.30363901061903, 39.462777731496402 ], [ -7.30049706667457, 39.462696042250997 ], [ -7.29649897077215, 39.458899605535699 ], [ -7.29460818598234, 39.455925673006497 ], [ -7.30557689318087, 39.4457933190589 ], [ -7.30564918420506, 39.437361323764698 ], [ -7.30892725435609, 39.431575174582001 ], [ -7.30813840597587, 39.428200287435303 ], [ -7.30228907361405, 39.422221250087503 ], [ -7.30226368542748, 39.413324582466899 ], [ -7.30664413665417, 39.407353520479198 ], [ -7.30739339178825, 39.401427010334302 ], [ -7.30983084005597, 39.398598848575801 ], [ -7.31270326605904, 39.399626953248699 ], [ -7.31383735586755, 39.3935510342491 ], [ -7.32166187602834, 39.386253732179497 ], [ -7.32348392891914, 39.381935259043502 ], [ -7.3218085044389, 39.378296280444602 ], [ -7.3174992509867, 39.377853143930302 ], [ -7.31628670860945, 39.373998732869502 ], [ -7.31226972383156, 39.370761770186803 ], [ -7.3108062676224, 39.362449759580102 ], [ -7.30640386965503, 39.355948794592798 ], [ -7.30624162043997, 39.351424912323097 ], [ -7.31053858763404, 39.340954020448997 ], [ -7.30412543487065, 39.333410789508001 ], [ -7.29870048641197, 39.330045309581202 ], [ -7.29287536185043, 39.3290358718683 ], [ -7.28818041583264, 39.322995208461101 ], [ -7.28278815796547, 39.320897564661799 ], [ -7.26898773281933, 39.3094275307893 ], [ -7.27074168442841, 39.306057968357599 ], [ -7.26738684874475, 39.301408063994103 ], [ -7.2313964047403, 39.278362738992797 ], [ -7.20419014752139, 39.265693472010099 ], [ -7.19871315516674, 39.270384786967099 ], [ -7.19074284382522, 39.283217802601101 ], [ -7.18003226572697, 39.292708576913 ], [ -7.17254567380977, 39.296814120338198 ], [ -7.17008308079889, 39.305890577413798 ], [ -7.16167764080515, 39.312126851706502 ], [ -7.15553125983336, 39.3144451614993 ], [ -7.1558548285071, 39.317360605898898 ], [ -7.15235350814333, 39.321475411059502 ], [ -7.15574901954305, 39.329657669595797 ], [ -7.15962446666309, 39.330671812180498 ], [ -7.16619285010422, 39.326068612230301 ], [ -7.16884394379767, 39.320146588558003 ], [ -7.17705734554327, 39.327416764975702 ], [ -7.17813924233549, 39.330782173380101 ], [ -7.1775117439567, 39.337568273548797 ], [ -7.16570206093864, 39.350582652304404 ], [ -7.16194000366532, 39.356571380939798 ], [ -7.16156165033566, 39.361331134737803 ], [ -7.15463060623456, 39.367505168203103 ], [ -7.14170189186707, 39.374901419218901 ], [ -7.13755416089281, 39.3767783762652 ], [ -7.13411537854419, 39.374748309706597 ], [ -7.12654093318882, 39.380898573287503 ], [ -7.11920621764006, 39.383653596283899 ], [ -7.10471793451456, 39.385949605243098 ], [ -7.09911007199606, 39.3851208915654 ], [ -7.0935273281695, 39.3799590593772 ], [ -7.08047920344624, 39.379292291498601 ], [ -7.07420837256996, 39.381214537215101 ], [ -7.07054031410966, 39.374219212716802 ], [ -7.06330200665553, 39.372266066493196 ], [ -7.06967022389177, 39.366639416461503 ], [ -7.07945730962345, 39.351408926535697 ], [ -7.09892143476953, 39.359117738936 ], [ -7.10337590448069, 39.354556503596797 ], [ -7.10210011262261, 39.3460456992537 ], [ -7.08707272354565, 39.339577335105503 ], [ -7.0831852398991, 39.335562102980703 ], [ -7.08459880367737, 39.323002798421498 ], [ -7.07989924570894, 39.311387675660399 ], [ -7.0774983849244, 39.3101749854481 ], [ -7.07217544106453, 39.3121448419137 ], [ -7.04727071701087, 39.3239753996491 ], [ -7.04412795200623, 39.326925150831698 ], [ -7.04879148034527, 39.329365636200997 ], [ -7.04802183345424, 39.3335083207105 ], [ -7.03001149505156, 39.350859001551399 ], [ -7.02937480421247, 39.359148904062799 ], [ -7.03240243214716, 39.368005179308099 ], [ -7.02137224604721, 39.371314521136 ], [ -7.01825092652334, 39.378591565276302 ], [ -7.01933262209294, 39.3824719081355 ], [ -7.00926692567252, 39.388484696672201 ], [ -7.01836853755362, 39.3923582039195 ], [ -7.03982456545114, 39.397080875722402 ], [ -7.04969432583335, 39.401942835989601 ], [ -7.06702519741976, 39.4142973221849 ], [ -7.04938480860726, 39.436672695013399 ], [ -7.03223562308374, 39.430532735484903 ], [ -7.02958878470977, 39.431759367036598 ], [ -6.99538107792939, 39.424565354779702 ], [ -6.98943927748378, 39.419753061944 ], [ -6.98259052265596, 39.419384669286899 ], [ -6.98067460300452, 39.414289677597402 ], [ -6.97776269784138, 39.412498051186702 ], [ -6.94680834676194, 39.400773769707598 ], [ -6.923986291236, 39.3945848433777 ], [ -6.91941537920278, 39.392145270789598 ], [ -6.91057423832993, 39.390758966615998 ], [ -6.90843366529727, 39.389011661051697 ], [ -6.89703781636767, 39.389466552109802 ], [ -6.88355751844944, 39.382754762767597 ], [ -6.87166002062078, 39.382521398769903 ], [ -6.86835334721274, 39.383379087594903 ], [ -6.86635887438129, 39.385931373664697 ], [ -6.85773767163269, 39.388712817037799 ], [ -6.84720116817186, 39.387495056312197 ], [ -6.81134392635771, 39.391478104201497 ], [ -6.80473799782931, 39.390388608767097 ], [ -6.80240259907619, 39.389492334262997 ], [ -6.80177123704335, 39.383640593038599 ], [ -6.79130985519815, 39.3683554516291 ], [ -6.79524035736704, 39.3616611120516 ], [ -6.79733854608795, 39.344506469502399 ], [ -6.77816431626719, 39.335475995767503 ], [ -6.77165833250064, 39.3288059826655 ], [ -6.74908912577776, 39.325753225746702 ], [ -6.7470775669896, 39.3217469156249 ], [ -6.74752350956124, 39.315769854217301 ], [ -6.75072942702868, 39.312405939878197 ], [ -6.75167272365402, 39.303593635004702 ], [ -6.76150652717034, 39.276606100939503 ], [ -6.76972359404231, 39.2679814440339 ], [ -6.7792818025143, 39.265374397853499 ], [ -6.784647923, 39.252923303480202 ], [ -6.79311643191322, 39.2475584467673 ], [ -6.80119014293719, 39.239413714463801 ], [ -6.80118149126271, 39.231109585703202 ], [ -6.79722723224782, 39.226293892303801 ], [ -6.79822895260429, 39.21996529007 ], [ -6.79326464764689, 39.211858891318997 ], [ -6.78812806647927, 39.209135005929099 ], [ -6.78458513704983, 39.200729698217899 ], [ -6.76783315330728, 39.188366381821197 ], [ -6.76168012659903, 39.188448401867603 ], [ -6.75356485052683, 39.193844528662602 ], [ -6.75097070642914, 39.194036327438504 ], [ -6.73850785926632, 39.189519566488499 ], [ -6.73301024338937, 39.189741152737298 ], [ -6.70874134240223, 39.184950890647599 ], [ -6.6904315676676, 39.178534534472 ], [ -6.68133248095076, 39.177147453273903 ], [ -6.66006657609324, 39.199066376917003 ], [ -6.65609202233946, 39.198542869450002 ], [ -6.64558968001228, 39.193341933350901 ], [ -6.63369720466437, 39.196839505261998 ], [ -6.62726745193284, 39.194040680799297 ], [ -6.62711059081288, 39.191892832939303 ], [ -6.6206717776734, 39.192057347187699 ], [ -6.61510784995878, 39.1887445145979 ], [ -6.60619274629701, 39.188012314746103 ], [ -6.58042715502846, 39.1797915773898 ], [ -6.57955131649109, 39.178953807068901 ], [ -6.58365337082807, 39.175413714932297 ], [ -6.58473073112811, 39.171111046541398 ], [ -6.57851367160809, 39.170365614552097 ], [ -6.57443212670734, 39.167689730991597 ], [ -6.5745837686155, 39.158354517812697 ], [ -6.53900293122777, 39.155270093840898 ], [ -6.5363552789802, 39.163384112532299 ], [ -6.5363176871805, 39.176015512801499 ], [ -6.54068776376397, 39.181692505138301 ], [ -6.49145457233501, 39.1679203084325 ], [ -6.4696885762571, 39.173328294288197 ], [ -6.45443279231577, 39.174584295858899 ], [ -6.44515245971059, 39.1734180432058 ], [ -6.4386860036132, 39.175843125293603 ], [ -6.43041525970807, 39.173781081750498 ], [ -6.41509898501216, 39.165773041425602 ], [ -6.4022397966544, 39.164501048340398 ], [ -6.39735179729218, 39.166650960388203 ], [ -6.37942662367002, 39.1627672231741 ], [ -6.37130728002627, 39.162986625212397 ], [ -6.35319657645015, 39.179003287109197 ], [ -6.33617797991778, 39.185248362650597 ], [ -6.32411512380488, 39.1864311952123 ], [ -6.31944736709581, 39.184209977454401 ], [ -6.32151238462656, 39.171723313676203 ], [ -6.31636027248595, 39.1662581467926 ], [ -6.31551491737941, 39.161318807498603 ], [ -6.3094384280317, 39.155852613430397 ], [ -6.31026273740777, 39.153198832147602 ], [ -6.30777664536739, 39.148783442272602 ], [ -6.30824152262859, 39.139446893744001 ], [ -6.31249644956569, 39.132114153684398 ], [ -6.31000716491278, 39.122919004952301 ], [ -6.31298188028062, 39.116069932496501 ], [ -6.31226580531986, 39.112143605142798 ], [ -6.3001112752339, 39.104167435765802 ], [ -6.29755210973676, 39.099617662478501 ], [ -6.29569130801619, 39.098138947285896 ], [ -6.26900373534736, 39.095251374188003 ], [ -6.26031655493442, 39.092370230336101 ], [ -6.23118461427525, 39.089795674852702 ], [ -6.22547742593409, 39.084791053727798 ], [ -6.21591111106495, 39.068598673603397 ], [ -6.20347289031732, 39.056498736988097 ], [ -6.16821496044331, 39.058915645680102 ], [ -6.16187790306931, 39.057241112395602 ], [ -6.15203795687307, 39.051100584252701 ], [ -6.15307187105269, 39.047334109099999 ], [ -6.14662612202089, 39.042401784537297 ], [ -6.14242697776801, 39.031578816865803 ], [ -6.13631985586907, 39.034518049011197 ], [ -6.13058027248214, 39.040554929379397 ], [ -6.12550740702099, 39.0499428022882 ], [ -6.11302290866316, 39.0610782054802 ], [ -6.10656699968551, 39.064574682145803 ], [ -6.08997093742513, 39.084636616848996 ], [ -6.07898137224402, 39.093728971749599 ], [ -6.06148706925968, 39.102721244750299 ], [ -6.04640588097868, 39.113611644065699 ], [ -6.03163148623181, 39.119897777132003 ], [ -6.01893435035803, 39.129119113324897 ], [ -6.01481770378756, 39.129298361483599 ], [ -6.01624414940701, 39.116108889229899 ], [ -6.01398144591993, 39.107789443536497 ], [ -6.01641302998547, 39.101906942572697 ], [ -6.01569999582199, 39.094943748542498 ], [ -6.01265449231145, 39.0891218844164 ], [ -6.01221128780479, 39.072188082130602 ], [ -6.01031735352162, 39.067327354994397 ], [ -6.01161268912702, 39.063275995902501 ], [ -6.007753132306, 39.059736172350902 ], [ -6.01065751587528, 39.055210926693199 ], [ -6.00930715486547, 39.052525155286197 ], [ -6.00637686837498, 39.056438479266198 ], [ -5.99019062563203, 39.0679626792462 ], [ -5.98682707359517, 39.069589432241003 ], [ -5.98168871466159, 39.068865181382897 ], [ -5.9790478914068, 39.073392048543802 ], [ -5.97398137344142, 39.076034912635599 ], [ -5.96840615659864, 39.0822669515725 ], [ -5.96659469664169, 39.087583210245 ], [ -5.96163986891053, 39.090168621509697 ], [ -5.95951846233281, 39.095276440639999 ], [ -5.95431608496048, 39.097489447511599 ], [ -5.95040448065027, 39.102660490416497 ], [ -5.94722864686338, 39.1024706153582 ], [ -5.94228878326824, 39.108514215613901 ], [ -5.93791257029306, 39.108939962104898 ], [ -5.92665728614585, 39.104637781758903 ], [ -5.92466166886069, 39.098039436329202 ], [ -5.92554035775249, 39.093846303523399 ], [ -5.93764273075474, 39.083785881368698 ], [ -5.92469505834151, 39.0831831045274 ], [ -5.87208047074087, 39.1042841520647 ], [ -5.85434850407507, 39.106404554786998 ], [ -5.84767843044548, 39.109603768375301 ], [ -5.83344995806645, 39.110328992989402 ], [ -5.81643389298653, 39.119750438106301 ], [ -5.81895121316115, 39.122554441154399 ], [ -5.81925426611045, 39.1298623817219 ], [ -5.81036663921824, 39.144581479405197 ], [ -5.7679061359738, 39.136859282027203 ], [ -5.75517702546581, 39.132296058143602 ], [ -5.74739015998678, 39.125398825003501 ], [ -5.72718118684138, 39.112729267543799 ], [ -5.72286582215029, 39.107270444113198 ], [ -5.70163190360509, 39.089909670630398 ], [ -5.69008665945383, 39.083006007383801 ], [ -5.68536919177358, 39.081754964042098 ], [ -5.67062445041422, 39.080957484618203 ], [ -5.6642004558837, 39.088402012646 ], [ -5.64593554301433, 39.1023229220106 ], [ -5.63595144955431, 39.099999589265202 ], [ -5.61075037937328, 39.099179531414201 ], [ -5.60440121181094, 39.100393726315403 ], [ -5.59960369345911, 39.107338887247998 ], [ -5.59215656902388, 39.108279594415698 ], [ -5.58362329786687, 39.118109074643698 ], [ -5.59523408489789, 39.1262836631116 ], [ -5.60196657976162, 39.128502966076503 ], [ -5.60087462363487, 39.1343473042811 ], [ -5.59205123886188, 39.134742156463602 ], [ -5.58278566018693, 39.139497601369897 ], [ -5.57953762071584, 39.142425514304499 ], [ -5.57656129287209, 39.150906030729601 ], [ -5.58735309753665, 39.158072410279999 ], [ -5.59374177570012, 39.166606180525001 ], [ -5.60519462363282, 39.175260682099498 ], [ -5.61324425262066, 39.188215734027501 ], [ -5.60527834841393, 39.190691553603102 ], [ -5.58973623905221, 39.200939319449297 ], [ -5.58405602352576, 39.200128530314203 ], [ -5.57048144921508, 39.2047713979644 ], [ -5.56419657138268, 39.210576729761002 ], [ -5.55668149029457, 39.208678869854801 ], [ -5.55184760454674, 39.213019244965302 ], [ -5.55101297891797, 39.215875425471999 ], [ -5.54776620966467, 39.210640092310697 ], [ -5.54139459230508, 39.2064008075549 ], [ -5.53175059652007, 39.193880823236903 ], [ -5.5281446296122, 39.191472611971697 ], [ -5.52431589937852, 39.2015919598472 ], [ -5.51853640204686, 39.204140577235798 ], [ -5.51457812666434, 39.209712767308403 ], [ -5.51139353250682, 39.198988371455897 ], [ -5.50110596568595, 39.188380552098103 ], [ -5.4935581850232, 39.182497143359697 ], [ -5.48054451428434, 39.178810911113104 ], [ -5.47631134274677, 39.176270254478602 ], [ -5.46960891629222, 39.168979798535901 ], [ -5.46514243520741, 39.160722724294601 ], [ -5.45984110750823, 39.158366203947999 ], [ -5.45437513119392, 39.160914005374799 ], [ -5.44240616429955, 39.159489755117797 ], [ -5.42860102928637, 39.162535194017998 ], [ -5.42404821561117, 39.160377653774397 ], [ -5.42405933046619, 39.158341300642903 ], [ -5.41808392494413, 39.156528437970302 ], [ -5.41267131394755, 39.156955948464002 ], [ -5.40928023842869, 39.160332559261803 ], [ -5.39946387300866, 39.165355180717803 ], [ -5.39775520726966, 39.168543655408797 ], [ -5.39299988009177, 39.169272068090599 ], [ -5.38402219799063, 39.174185733220597 ], [ -5.37608323246266, 39.186592094641597 ], [ -5.36725552679316, 39.212961758241804 ], [ -5.35336674784728, 39.224316305195899 ], [ -5.34905327680477, 39.233556996905001 ], [ -5.34713499009258, 39.247947694887003 ], [ -5.35283458407632, 39.254148331327201 ], [ -5.35522968755819, 39.260271357790998 ], [ -5.3553771585885, 39.267791218032897 ], [ -5.3527085127127, 39.286062184783198 ], [ -5.34001116034496, 39.333310913146597 ], [ -5.33095147732977, 39.331240373946798 ], [ -5.32319659546814, 39.3314224042878 ], [ -5.31030038035101, 39.325201380408501 ], [ -5.30319129644878, 39.319594143712003 ], [ -5.28308801458814, 39.319521695011801 ], [ -5.24762022478904, 39.301823472666001 ], [ -5.22928859943343, 39.306995973872603 ], [ -5.18568574187983, 39.315994413273899 ], [ -5.17561471934808, 39.317002948093197 ], [ -5.17154403777406, 39.315520300219099 ], [ -5.15342771523586, 39.319694934768897 ], [ -5.12354623557496, 39.336497263799998 ], [ -5.11699302467901, 39.343482017861298 ], [ -5.11185764455891, 39.357513241906702 ], [ -5.11103926586034, 39.374655412916297 ], [ -5.11358495213667, 39.3874658804597 ], [ -5.10167745426226, 39.388015009018602 ], [ -5.09300909624947, 39.390892123008797 ], [ -5.08986992360765, 39.390362950522302 ], [ -5.07380074122769, 39.379397370280103 ], [ -5.0589235486696, 39.365372240129197 ], [ -5.05383464019578, 39.362425944771097 ], [ -5.04118718654711, 39.366531695383898 ], [ -5.01960214260846, 39.368286858478598 ], [ -5.01339887132975, 39.376602221947003 ], [ -5.00888458100718, 39.378274987452897 ], [ -4.99294369062624, 39.370872861146303 ], [ -4.984181187375, 39.371743427729797 ], [ -4.97955001186096, 39.3791562334372 ], [ -4.96909165105008, 39.383343074400997 ], [ -4.97486593366149, 39.391723340313902 ], [ -4.97463752981399, 39.394331043770897 ], [ -4.95251223367358, 39.394992868220797 ], [ -4.95725699217215, 39.399814406610602 ], [ -4.97227179944526, 39.408867808445898 ], [ -4.97832749638743, 39.414783450990598 ], [ -4.99536172540235, 39.424781521793001 ], [ -5.00085201641651, 39.430309230043697 ], [ -5.00858336241768, 39.434951067335 ], [ -5.02579332525842, 39.452293382812996 ], [ -5.04442896745562, 39.4775364860567 ], [ -5.05889280113405, 39.489417181326203 ], [ -5.07415340094362, 39.486857552484501 ], [ -5.08288855947757, 39.490079904638499 ], [ -5.10359112183731, 39.5087711355918 ], [ -5.12378874656572, 39.521593616999901 ], [ -5.13566136555256, 39.5366289206396 ], [ -5.14318691111543, 39.542977062709703 ], [ -5.14661236336358, 39.549914102514897 ], [ -5.15541000242052, 39.554039661154597 ], [ -5.15993073366365, 39.560955886946402 ], [ -5.18064670517563, 39.574632299017402 ], [ -5.20662597151427, 39.597232247429403 ], [ -5.20524358736119, 39.599907157993499 ], [ -5.19242000193309, 39.6079788686325 ], [ -5.18719822544221, 39.616365724764101 ], [ -5.18215681179579, 39.6182984149996 ], [ -5.17265035077572, 39.6353957628016 ], [ -5.16176548334266, 39.642436824550501 ], [ -5.16202059500186, 39.6461347900688 ], [ -5.16421927376205, 39.6467604515462 ], [ -5.16170589988648, 39.6502487925952 ], [ -5.16242407151512, 39.655343584511101 ], [ -5.15818808465746, 39.655179140110199 ], [ -5.15141943889173, 39.661286810922199 ], [ -5.14912357499424, 39.6658158536275 ], [ -5.14884502089937, 39.668109337059299 ], [ -5.1564041481825, 39.673897124605503 ], [ -5.15185603988277, 39.6960085947821 ], [ -5.14632416405751, 39.706038943445499 ], [ -5.13779472331686, 39.714998145154098 ], [ -5.14143679800755, 39.721867886162798 ], [ -5.15657626089936, 39.738974865516198 ], [ -5.16536168735999, 39.742279711099201 ], [ -5.17396435337271, 39.751253882825999 ], [ -5.17440390083786, 39.755209581991998 ], [ -5.16441066791817, 39.755891848251601 ], [ -5.15845885934199, 39.759660411534597 ], [ -5.16075686572144, 39.771185017849803 ], [ -5.16585157551535, 39.7806394478662 ], [ -5.16772861697964, 39.790964557992801 ], [ -5.16689900934002, 39.799880784276297 ], [ -5.1719887972645, 39.798317180960403 ], [ -5.20184110503485, 39.798691400513803 ], [ -5.20646495838105, 39.797558450603702 ], [ -5.21112481620381, 39.7917221379777 ], [ -5.21786689519331, 39.788206159670302 ], [ -5.23167431821554, 39.774617377757401 ], [ -5.24314422515548, 39.7679369549667 ], [ -5.24470255872998, 39.760924982819397 ], [ -5.25482309460354, 39.752341549598697 ], [ -5.26691778970506, 39.752439279076498 ], [ -5.27654837364288, 39.756746126828098 ], [ -5.29517397806511, 39.760874629760501 ], [ -5.30807880353425, 39.760024069277002 ], [ -5.3141899768351, 39.766839032071303 ], [ -5.31622321376771, 39.772122626591198 ], [ -5.31130889286934, 39.787148072278796 ], [ -5.31516706538646, 39.788683679344302 ], [ -5.31635122549232, 39.795785878601301 ], [ -5.31265956739118, 39.810390542083702 ], [ -5.31258759706558, 39.824274251138597 ], [ -5.3103915701321, 39.831263702237898 ], [ -5.30647070329298, 39.836305481744702 ], [ -5.29866313164667, 39.840811639520197 ], [ -5.29023444325334, 39.851977843405699 ], [ -5.28352353221094, 39.857209109561602 ], [ -5.28404843579776, 39.863874151573597 ], [ -5.28745341813552, 39.863617839509999 ], [ -5.29213479599925, 39.8658856293426 ], [ -5.29428157728881, 39.8748788343092 ], [ -5.31009093454925, 39.8801593352715 ], [ -5.31085286760694, 39.886486228275501 ], [ -5.31302409025876, 39.888109538753902 ], [ -5.31752324127382, 39.890794369617304 ], [ -5.32361256125875, 39.891726573596003 ], [ -5.36858784334388, 39.888582742843496 ], [ -5.39333397612234, 39.879201364773301 ], [ -5.40610928159551, 39.8777299159714 ], [ -5.4052804213542, 39.8821162433523 ], [ -5.40107771438287, 39.885662599951502 ], [ -5.39482810620518, 39.918429786647799 ], [ -5.38285820775787, 39.940990497789599 ], [ -5.37276368080673, 39.970601429686099 ], [ -5.36514482004877, 39.982918580093603 ], [ -5.36567188318554, 39.992763194009498 ], [ -5.36238113960247, 40.012820207174798 ], [ -5.36590710883931, 40.038575671296599 ], [ -5.37385810999549, 40.059321762633203 ], [ -5.36802236914389, 40.079025360843403 ], [ -5.36723879117944, 40.087887596112701 ], [ -5.36901060488963, 40.100084710210702 ], [ -5.35944456131172, 40.108405389980902 ], [ -5.34671562058534, 40.1111411495081 ], [ -5.33962275666389, 40.1154013031787 ], [ -5.33597625507548, 40.115817199205601 ], [ -5.33702720490615, 40.124236707145798 ], [ -5.34201600153145, 40.125991617984297 ], [ -5.34595567639769, 40.129650360787302 ], [ -5.34587586288131, 40.133471420789199 ], [ -5.35683608549196, 40.1483736968976 ], [ -5.35623497242972, 40.151700869874603 ], [ -5.36018768544397, 40.154313842600502 ], [ -5.36017157775262, 40.156899504827898 ], [ -5.36697494070914, 40.160444965526402 ], [ -5.36799455011617, 40.164108453183999 ], [ -5.36441188640509, 40.178612527024399 ], [ -5.36655401082823, 40.183478148559601 ], [ -5.36647373198456, 40.196036934775698 ], [ -5.36824931053412, 40.199126410252397 ], [ -5.36409446580114, 40.202616319246403 ], [ -5.36950920760156, 40.211018165807403 ], [ -5.36966932152118, 40.218311319181801 ], [ -5.35874666915064, 40.2272811414187 ], [ -5.35837964896659, 40.231945741273499 ], [ -5.34339037361048, 40.263525704530899 ], [ -5.34440888078468, 40.264757147622603 ], [ -5.34895125873123, 40.265196576763699 ], [ -5.35782282823773, 40.262980373945901 ], [ -5.3641770290606, 40.257031628442 ], [ -5.3787176049154, 40.257940759784098 ], [ -5.39564934783454, 40.250295135131402 ], [ -5.41180395820136, 40.255301228115499 ], [ -5.42909654538697, 40.252606388549601 ], [ -5.43977192479748, 40.233627382480599 ], [ -5.45229061932319, 40.227147262685598 ], [ -5.46807110113713, 40.224154351677399 ], [ -5.47091024276227, 40.207852566173898 ], [ -5.48687170725817, 40.205132413902597 ], [ -5.49913294372515, 40.198941004401497 ], [ -5.49998684270839, 40.200760126789199 ], [ -5.50385993803899, 40.201937470964097 ], [ -5.50968390467217, 40.201856265675701 ], [ -5.52103046663538, 40.196096770810101 ], [ -5.53096403704718, 40.194717803828702 ], [ -5.53647382599453, 40.1966238749784 ], [ -5.54068312300677, 40.1957838213781 ], [ -5.54811469850273, 40.197241775025901 ], [ -5.55185676556601, 40.200546170984197 ], [ -5.56356546177646, 40.202629235137401 ], [ -5.56819589887535, 40.206408859744997 ], [ -5.59435181621969, 40.216355204153899 ], [ -5.61004008417308, 40.215479867828599 ], [ -5.61507896816367, 40.218788984417202 ], [ -5.61890514179208, 40.223854837317397 ], [ -5.61368549790168, 40.233277816980198 ], [ -5.61411336996308, 40.235844314847597 ], [ -5.61645729462659, 40.236277765379 ], [ -5.62099021960142, 40.241048266553904 ], [ -5.62199964301144, 40.245880506270701 ], [ -5.62670586378433, 40.247809483787499 ], [ -5.64919843702697, 40.249719604406202 ], [ -5.66000009800684, 40.257767729209299 ], [ -5.65669698192734, 40.270400236992103 ], [ -5.68238892751225, 40.283714984211798 ], [ -5.69266087622358, 40.292105550451403 ], [ -5.69958790485535, 40.288818413544703 ], [ -5.70803880858567, 40.291602319590098 ], [ -5.72288781201014, 40.291406795612197 ], [ -5.72813508628203, 40.293183712509098 ], [ -5.73424688840359, 40.2924718631335 ], [ -5.73756016442892, 40.294122980512299 ] ] ] } }
]
}
